Barcode,UMAP-1,UMAP-2
AAACCCAAGGAGAGTA-1,0.23246755,-1.8756899
AAACGCTTCAGCCCAG-1,-3.1130025,-1.0003506
AAAGAACAGACGACTG-1,-3.9440298,3.3439877
AAAGAACCAATGGCAG-1,-4.635519,2.327904
AAAGAACGTCTGCAAT-1,-3.868033,2.7188082
AAAGGATAGTAGACAT-1,-3.0034547,-1.077012
AAAGGATCACCGGCTA-1,-3.4957836,0.27887684
AAAGGATTCAGCTTGA-1,2.5584087,-2.2829537
AAAGGATTCCGTTTCG-1,0.8572417,-2.9110227
AAAGGGCTCATGCCCT-1,-4.5771985,1.8650556
AAAGGGCTCCGTAGGC-1,-3.7483618,2.2615302
AAAGGTACAACTGCTA-1,0.25497496,-2.0530057
AAAGTCCAGCGGGTTA-1,-2.2015588,1.6215658
AAAGTCCCACCAGCCA-1,-2.4511294,-0.52219975
AAAGTGATCGTACACA-1,-1.0028652,1.4126564
AAATGGAAGCCGCTTG-1,2.1537538,-1.5897287
AAATGGACAATGCTCA-1,-2.0479631,2.5791993
AAATGGAGTACCGCGT-1,-2.998466,4.8847322
AAATGGATCCTATTTG-1,-4.313026,0.6516253
AACAAAGGTGATGAAT-1,-3.460882,3.6940718
AACAACCAGTAGTCCT-1,0.7427153,-1.2725306
AACAACCCACGCTATA-1,-1.8961217,3.1974354
AACAAGAGTTATAGAG-1,2.1094713,-2.9698088
AACAGGGGTGGGAGAG-1,-3.385168,-0.33047962
AACCCAACAACTGATC-1,-3.335182,5.386273
AACCCAAGTGGGCTTC-1,-3.516209,0.47262087
AACCCAATCTTACCGC-1,-2.4320052,5.0927444
AACCTGACATCCTATT-1,3.1685658,-0.79958326
AACCTTTGTTTCGGCG-1,-3.1555436,5.8128476
AACGAAAAGGTTGGTG-1,-1.3749566,1.955608
AACGAAACAGCGTTTA-1,1.570708,-0.94687885
AACGAAATCCATTTAC-1,-0.7963516,2.6062772
AACGGGAGTCGCTCGA-1,2.71693,-1.2883447
AACGTCAAGACGCCCT-1,2.0998003,-1.4203306
AAGAACAAGACCATTC-1,-3.2811897,1.4195462
AAGAACAAGCCTCAGC-1,3.2861314,-1.8891016
AAGAACATCTTGCAAG-1,-2.8719716,5.5058875
AAGACAACACTTCAGA-1,2.098111,-1.0823947
AAGACAACAGATCACT-1,2.0427415,-1.2207775
AAGACAATCCGCGAGT-1,-3.5410252,1.3001274
AAGCATCAGGTCCGAA-1,-3.5794427,3.958958
AAGCATCCAGTCTTCC-1,3.6062925,-1.6148964
AAGCGTTCACTGATTG-1,0.41438186,-1.5209941
AAGCGTTTCGCTATTT-1,-4.2320476,-1.2031248
AAGGTAAAGGAAGTAG-1,-1.5745018,5.0880866
AAGGTAAAGGCCACCT-1,-0.79666466,1.672121
AAGGTAAGTCCTTAAG-1,-5.0514917,3.0317745
AAGTACCAGCGCCTTG-1,-5.6585236,2.4978678
AAGTACCAGCTCCATA-1,-3.405639,2.9928844
AAGTACCCAAAGAACT-1,-5.3539214,2.964436
AAGTGAACATCAGCAT-1,-3.156757,4.8402643
AAGTGAATCGGAAGGT-1,1.0866718,-0.79430807
AAGTTCGAGGATACAT-1,-4.4128895,3.5996892
AAGTTCGGTCAACACT-1,3.5883052,-2.1490736
AATCGACGTGAGACGT-1,1.50423,-2.3276007
AATGAAGCAGTATGAA-1,-0.829379,2.222834
AATGACCGTGTCATCA-1,2.8051617,-1.8558102
AATGGAACACTCATAG-1,-1.147404,4.8634214
AATGGAATCTGATGGT-1,2.697661,-2.4668667
AATTCCTTCCATTGGA-1,2.737813,-0.5957949
ACAAAGAAGCCTCAAT-1,1.464803,-0.7927162
ACAAAGAGTTCCATTT-1,-0.8362661,1.8261526
ACAACCATCTATCCAT-1,-3.911462,3.495781
ACAACCATCTGCCCTA-1,-2.0456524,1.9166093
ACAAGCTGTAGGTCAG-1,-2.1779916,2.898326
ACACCAAAGAGTCAGC-1,-0.2544365,1.7859029
ACACGCGGTGTTGCCG-1,3.7016754,-2.3286455
ACACGCGTCACCTCGT-1,-2.459688,6.138242
ACACGCGTCGCCGTGA-1,3.0269363,-2.5865917
ACACTGATCACTGATG-1,1.4827493,-3.2206159
ACACTGATCTTTCCGG-1,-2.6647267,4.562056
ACAGAAAAGTATTAGG-1,0.567239,-0.74297297
ACAGAAACACCAGCGT-1,2.121642,-0.98140717
ACAGCCGTCGCTGTTC-1,-4.506711,1.0093428
ACATCCCCACAAATGA-1,-4.138079,3.1810415
ACATCCCGTAAGATTG-1,2.2710373,-2.2582107
ACATCGATCTAAGAAG-1,-2.0336306,3.8758585
ACATCGATCTGAGAGG-1,-2.6366596,2.7517211
ACATCGATCTTGGGCG-1,1.2622418,-1.897504
ACATGCAGTTGCTTGA-1,2.6565733,-0.7718177
ACATTTCGTGCCGAAA-1,-2.1432571,0.54289407
ACATTTCGTTTCTTAC-1,-3.8055534,0.367639
ACCACAAAGGCCTTGC-1,1.6439681,-2.768818
ACCACAAGTCTGTGGC-1,-3.839542,-1.2519957
ACCATTTCATTGGGAG-1,-5.6388073,2.7358317
ACCCAAAGTTGGGAAC-1,-1.6235929,4.8276386
ACCCTTGGTATCGTAC-1,-1.2409521,-0.42580932
ACCCTTGTCATTTCGT-1,-2.324518,5.7673244
ACCTACCCAACGGTAG-1,-3.6606412,4.7005258
ACCTGAACATGAGAAT-1,-4.1291966,2.8315008
ACCTGTCTCAAGTCTG-1,-5.5601354,2.2982724
ACCTGTCTCTCAACGA-1,1.0035131,-2.619737
ACGATCAGTCGTTCAA-1,-2.0808048,1.05575
ACGATCATCCACGGAC-1,-5.281953,4.141938
ACGATCATCCGTTGGG-1,-2.4538798,2.814649
ACGCACGAGAGAGTGA-1,-5.1625547,1.5519269
ACGGTCGTCACTACGA-1,-1.8600731,4.569513
ACGGTTAAGTGCTCAT-1,0.6984897,-0.07062226
ACGTAACTCATATGGC-1,-4.4634237,-0.7727738
ACGTAACTCTTCGATT-1,2.586778,-2.7755558
ACGTACAAGCTGTTCA-1,-2.564792,1.605257
ACGTACACAAAGCTCT-1,2.7657378,-2.4858336
ACGTACACAGACGATG-1,-3.4339173,5.4321814
ACGTAGTCACGCCACA-1,-3.6332817,0.100005925
ACGTAGTCATTAGGAA-1,-4.5362334,4.856983
ACGTTCCGTGGGTCAA-1,0.6829905,-1.3464509
ACTATCTGTGTGTACT-1,-2.2571843,5.8612185
ACTATGGAGAAATCCA-1,-1.1993482,-0.5281552
ACTCCCAAGGTTGGTG-1,-3.5856934,0.95488703
ACTCCCATCGTCCTCA-1,-5.100068,2.3934193
ACTGATGAGCAGCGAT-1,-3.7952693,-0.5500877
ACTGATGCACCAGCCA-1,-2.9487505,-0.91422856
ACTGTGACAACTCGAT-1,-2.8798757,3.389493
ACTTATCTCTAAGGAA-1,-0.0034952143,-0.69469553
ACTTCGCAGAACCGCA-1,-2.4741888,6.11642
ACTTCGCGTACTCCGG-1,-4.3452935,0.7443316
ACTTTCAAGTATGACA-1,-3.9837282,2.4498365
ACTTTCAGTACGCGTC-1,-3.2925901,3.1587548
AGAAATGTCATTCGTT-1,-2.5742462,0.41401717
AGAAGCGGTCTAGATC-1,-1.0416416,4.9515324
AGAAGCGTCTGCGTCT-1,-5.0332522,2.2597423
AGACAAAGTAGCTTGT-1,1.7905163,-2.675079
AGACCATCATTACTCT-1,-4.402204,3.4881208
AGACTCATCAACGCTA-1,-3.3859177,0.82230574
AGACTCATCAGAGCGA-1,2.2552257,-2.8028219
AGAGAATAGAGGGTCT-1,1.2011576,-2.4372635
AGAGAATCACCCAACG-1,-3.7192008,4.2485924
AGAGAGCAGTTGTCGT-1,-1.6821755,1.8799864
AGAGCAGGTCATAAAG-1,1.2111728,-0.053862177
AGAGCAGGTTGAGTCT-1,-3.904169,3.4773471
AGAGCAGTCGCGCTGA-1,-2.9141028,1.7708519
AGAGCCCGTCACTCGG-1,-1.5489211,2.6649985
AGATAGAGTGACACGA-1,1.2320125,-2.6222417
AGATCGTCAGGACTTT-1,-1.2781876,4.9208913
AGATGAACAGGCACAA-1,-1.9936924,2.4589758
AGATGCTGTACGGTTT-1,4.075847,-1.2877133
AGATGCTGTGTGGTCC-1,-4.2286286,3.6413496
AGCATCAGTCGGTGTC-1,2.8589578,-1.1518768
AGCATCAGTGGTCCGT-1,-3.2910087,4.2242603
AGCCAATAGTCCCTAA-1,-2.6318326,3.3770268
AGCCACGCAGGTTCGC-1,-5.044937,4.5812755
AGCCACGGTTCCGCGA-1,1.8969029,-3.5495691
AGCCACGTCCGAGAAG-1,-2.163452,6.029891
AGCCAGCGTAATGCGG-1,-4.1039324,5.0094314
AGCCAGCGTAGTTAGA-1,-0.31128073,0.76808447
AGCGTATTCAGTGGGA-1,-3.2157137,1.4362258
AGCGTCGCATTGACCA-1,-4.488567,2.5646217
AGCTACACAGTCGGAA-1,-3.0043921,5.1409216
AGCTACAGTCGTTTCC-1,-2.7537706,0.45906478
AGGAAATTCACCATGA-1,1.7113273,-1.7402462
AGGAATACAAACTCGT-1,-5.2253666,1.9903976
AGGAATATCATTACGG-1,-2.5340552,5.505148
AGGACGAAGACCTTTG-1,-2.0699363,5.5871477
AGGACGAAGATTAGTG-1,-2.410501,2.2015073
AGGACGATCACTGATG-1,-4.433438,4.1233497
AGGACGATCCAGTACA-1,-1.0315747,3.045177
AGGACTTTCCTACCAC-1,-2.4893975,0.89843434
AGGATAAAGAACAAGG-1,-3.789267,2.794558
AGGCCACAGGGCCAAT-1,-4.2604547,-0.09782393
AGGCTGCAGGGCTTCC-1,-3.128468,-0.0074411226
AGGCTGCGTGTGTGTT-1,-4.890642,1.0391908
AGGGAGTGTGTCGCTG-1,-4.910619,2.8292413
AGGGCTCCAATACGCT-1,1.6366347,-1.8528736
AGGGTCCCAGGACATG-1,0.99810505,-2.5218232
AGGGTCCCAGTAGTTC-1,-2.626842,5.009764
AGGGTTTCAGCGTGCT-1,3.0244663,-3.2478592
AGGTAGGAGGAAGTAG-1,-1.8458995,0.4297528
AGGTAGGCAAAGCGTG-1,1.3293966,-1.1948701
AGGTCATTCAAGTCGT-1,3.2055998,-3.0246897
AGGTGTTCATTAAGCC-1,2.0855668,-2.0672092
AGGTGTTGTCGATTAC-1,-0.44146335,0.9727297
AGGTGTTTCAATGCAC-1,-2.294135,3.0911336
AGGTGTTTCGTTACCC-1,0.3239982,-2.1760917
AGGTTACAGGTGCGAT-1,-3.4564936,3.7496436
AGGTTACGTCTGATAC-1,3.0348094,-1.6054566
AGTAACCCAAGCTCTA-1,2.8268495,-3.394654
AGTAACCTCGTTGTAG-1,-4.2197146,3.2720842
AGTACCAGTGGGTCAA-1,0.9288706,-1.3780257
AGTACCATCAGCTTGA-1,-1.7038344,5.7656884
AGTAGCTAGGAGTACC-1,-3.660118,-1.2620969
AGTAGCTCACTGCTTC-1,-2.9439867,0.1868546
AGTAGCTCAGGCACTC-1,1.3014412,-0.32274216
AGTAGCTGTTAGAAAC-1,3.3609054,-2.029576
AGTAGTCGTATGACAA-1,-5.660103,2.1431336
AGTCAACAGTCATGCT-1,1.6582578,-1.213031
AGTCAACGTACACGCC-1,-1.8067666,2.1453524
AGTCTCCCAACCGTGC-1,-2.9625459,1.2558119
AGTCTCCGTGAGTCAG-1,-2.0067642,5.3478823
AGTGCCGCATCTGGGC-1,-3.2024639,4.097213
AGTTAGCAGTCAGGGT-1,-5.231448,2.7594757
AGTTAGCGTACCATAC-1,-2.8104737,-0.9896056
AGTTAGCGTTCATCGA-1,-2.4568539,5.6184177
AGTTCCCCAAACAGGC-1,-3.5084088,5.5648136
AGTTCCCGTTACACTG-1,-3.8562338,3.0932484
AGTTCGAGTATGCGTT-1,-4.795643,0.023681514
ATACCGACACACGGTC-1,-3.783665,2.468649
ATACTTCGTACGACTT-1,2.182414,-2.944362
ATACTTCGTTCGGTAT-1,-5.5188026,2.4156513
ATACTTCTCAGCTGAT-1,-4.5999985,2.7704246
ATACTTCTCGCCGTGA-1,-1.9690322,-0.06270962
ATAGACCTCCGCTTAC-1,-2.386025,4.8690143
ATAGGCTGTGTTACAC-1,2.4380407,-1.182192
ATATCCTGTATGAGCG-1,-1.086123,1.2863865
ATCACAGAGACGTCCC-1,2.3511014,-1.6517986
ATCACAGCATGACGTT-1,1.0085427,-1.5362502
ATCACGATCCGCAACG-1,-0.8877149,2.801194
ATCACTTGTGGCTGCT-1,0.8174065,-2.2346
ATCCACCCAGCAGTGA-1,-3.1492124,5.337814
ATCCACCCATGTCTAG-1,-1.42392,5.3957033
ATCCACCGTTTGTTGG-1,2.0675282,-1.4919844
ATCCATTAGACGCAGT-1,-4.1148214,-1.2859806
ATCCCTGCAATTTCTC-1,-1.373319,-0.1883664
ATCCGTCCAACTCCCT-1,-1.1988763,-0.44972518
ATCCTATGTCTGTGCG-1,-4.162979,2.3696752
ATCGATGCAACGGCTC-1,-4.513206,-0.6078216
ATCGATGGTCAATCTG-1,-2.844185,5.346756
ATCGGATAGGAAAGGT-1,-5.233467,1.4346994
ATCGGCGAGTCCTACA-1,-4.8190317,4.6338224
ATCGTAGCATCGGAGA-1,0.37734333,1.6928992
ATCGTCCAGCCTGAAG-1,0.4402465,-1.8845475
ATCGTCCGTATGAGGC-1,1.8772187,-2.1739159
ATCGTCCTCGGAGCAA-1,3.3802185,-2.4050336
ATCGTGAAGCAGATAT-1,-1.0226233,1.3996288
ATCTCTACAAGAAACT-1,2.9421873,-0.69355345
ATCTCTAGTCGTGGTC-1,-1.7632965,1.7512312
ATCTTCAAGAAGAGCA-1,1.2756305,-2.2679696
ATCTTCACATACTGAC-1,1.6220732,-1.3427842
ATCTTCAGTCTCTCCA-1,0.38610688,-2.0166001
ATCTTCATCTCATAGG-1,-2.4365225,4.2746263
ATGAAAGTCCTTATGT-1,-3.5411448,4.8976054
ATGACCAAGGCTAACG-1,1.0578698,-1.670944
ATGACCACAATATCCG-1,-4.1363945,1.3143121
ATGAGTCTCCAGTTCC-1,-3.446236,-1.0926384
ATGATCGGTCGAACAG-1,-3.487827,0.028724752
ATGCGATGTGCTCTTC-1,-5.016612,2.3386242
ATGCGATGTTGTAGCT-1,-1.7864168,4.4773383
ATGGATCGTAGATTGA-1,-3.7362757,1.0170791
ATGGATCTCGACCTAA-1,-4.776587,0.28040168
ATGGGAGAGACGTCCC-1,-4.3382215,1.5447145
ATGGGAGCACTCCGGA-1,2.1293564,-2.1422248
ATGGGAGTCCACTGAA-1,2.5339406,-2.533414
ATGGTTGTCACGGAGA-1,2.4486988,-1.6157266
ATGTCCCCAGGAATCG-1,-3.2432895,4.904347
ATGTCCCCATAGGTTC-1,-2.511887,1.6476111
ATGTCCCGTCCTACGG-1,1.144491,-1.205034
ATTACTCCAGCTTTGA-1,-2.8631516,3.2041728
ATTACTCGTTGCAACT-1,-3.6059895,3.6528442
ATTCACTAGAAGGCTC-1,-3.7600567,1.7192365
ATTCACTTCTCCGCAT-1,-1.2322412,3.3803866
ATTCAGGCAAGTATCC-1,0.16714862,-1.3419138
ATTCAGGCATAGCTGT-1,2.3675983,-2.1614037
ATTCAGGTCTTCGTGC-1,-1.4809915,3.3505547
ATTCCATCACGACTAT-1,-2.3709934,2.0792367
ATTCCCGAGTCACTCA-1,-4.110657,2.0521226
ATTCCTACATGAGATA-1,3.2116485,-2.5558813
ATTCGTTCAGTCTTCC-1,-1.1609391,4.340928
ATTCGTTGTAACACCT-1,-2.5537286,1.3766811
ATTCGTTGTGTAGCAG-1,-5.2678046,1.760003
ATTCGTTGTGTTCAGT-1,-1.6513402,3.8262339
ATTCGTTGTTCTTGTT-1,1.83103,-2.2734854
ATTCTACTCTCGTGAA-1,-4.83682,4.385709
ATTCTTGAGTTCCAGT-1,-1.5508701,2.967729
ATTCTTGGTACAATAG-1,-1.8311803,4.5253916
ATTTCACAGTGCAAAT-1,-0.9611544,0.94333696
ATTTCACGTGGATACG-1,2.9874182,-2.947204
ATTTCTGCAAGGTCTT-1,2.807764,-0.6742133
ATTTCTGGTATCCTCC-1,-5.6632156,2.3703582
ATTTCTGTCGATGCAT-1,0.8810786,-2.4903507
ATTTCTGTCGGCCAAC-1,-3.2324946,3.3983543
CAAAGAACACATATCG-1,-3.206834,4.901175
CAAAGAACAGCTGTTA-1,-4.471413,4.97232
CAAAGAAGTTCTCCCA-1,1.4103323,-1.7423962
CAACAACTCGATACTG-1,-2.071099,5.01274
CAACAGTCATCCGTTC-1,-3.894811,1.0577918
CAACAGTTCGAGCACC-1,-5.08393,1.4334387
CAACCAAGTTAGAAAC-1,0.47850713,-0.09142752
CAACCTCGTATCGGTT-1,-3.3499346,4.6485224
CAACGATAGACGGAAA-1,3.7408588,-1.3137506
CAACGATAGCCTAGGA-1,3.1587284,-0.8371757
CAACGATCAAAGCACG-1,-0.7063711,2.082567
CAACGATTCAAGCCCG-1,2.770725,-2.8698533
CAAGACTAGTGGAAAG-1,-1.8838944,4.148678
CAAGACTTCAATCGGT-1,3.4299448,-1.2408693
CAAGAGGTCTTCACGC-1,2.4513078,-3.478445
CAAGCTAGTGGCTGCT-1,-0.8722563,-0.6358061
CAAGGGAAGAGTCGAC-1,-2.836667,3.335376
CAATCGAAGAGGATCC-1,-2.0704584,3.4539163
CAATCGATCCGTACGG-1,-3.4143062,2.8950574
CAATGACTCAAGCCCG-1,-1.6607627,-0.28419328
CAATTTCAGATTGCGG-1,-1.7137145,-0.32417017
CACACAACAAGAAACT-1,-2.0970647,3.099546
CACACAACACGAGGAT-1,2.3789203,-2.688386
CACAGATCACTCCGAG-1,1.4347501,-2.6303859
CACAGATCATCATGAC-1,2.0765412,-1.3325688
CACAGATGTTCCGTTC-1,0.5229756,0.4460674
CACAGGCCAACGATCT-1,-1.6107072,-0.14150228
CACATGAGTTTCGACA-1,-2.364676,3.447576
CACCAAAAGGACATCG-1,0.90623623,-3.0900378
CACCGTTCACCCTAGG-1,-4.6696506,2.5806618
CACGAATCACATAGCT-1,-2.3009675,1.9121205
CACGAATTCAAGTCGT-1,-2.940553,4.230194
CACGGGTAGCATTTGC-1,-0.09249411,-0.94220096
CACGGGTTCCCGATCT-1,-1.7786218,0.92288214
CACGTTCCAGCTTCCT-1,2.4118035,-3.2657347
CACGTTCTCTATCACT-1,-0.52342755,2.0280564
CACTAAGGTGATAGTA-1,-1.572289,1.9461391
CACTGAAGTCTTTCTA-1,-3.1913993,-1.1407715
CACTGAATCCTGATAG-1,3.3091426,-1.3381886
CACTGGGAGGCGACAT-1,2.1740794,-0.3741325
CACTGGGAGTTACTCG-1,2.4582987,-1.2265579
CACTGGGGTCGCACAC-1,2.748077,-2.1524162
CACTGTCCACATATGC-1,-3.144126,-0.7932745
CACTTCGTCACCTACC-1,-0.35943145,-0.80849886
CAGAGCCGTGCCCGTA-1,-3.6553588,4.857329
CAGATACTCGTTCCCA-1,-0.21613954,1.8717694
CAGATTGAGAACGTGC-1,-3.4595113,5.0573955
CAGATTGAGCTGAGCA-1,-1.5452164,-0.35008103
CAGATTGGTGACTAAA-1,-3.0500176,-0.9687488
CAGCAATGTATCGTTG-1,3.4373398,-2.5822315
CAGCAGCTCAGAGTTC-1,-3.2503543,0.571572
CAGCCAGGTGGGTTGA-1,3.4098628,-2.041981
CAGCGTGTCCATCACC-1,-2.456003,0.5568992
CAGGCCAGTTCAATCG-1,-3.5922735,3.36934
CAGGCCATCACTCACC-1,-1.6760052,3.6079092
CAGGCCATCCACTAGA-1,1.7073281,-1.6083647
CAGGGCTAGATTGGGC-1,-2.5655377,3.5255334
CAGGGCTTCGACGAGA-1,-2.7893631,1.8521514
CAGGTATGTCAGTCTA-1,-0.19600312,0.7388646
CAGGTATGTGTAAATG-1,-4.1953063,-0.9522182
CAGTTAGTCGGCCCAA-1,-0.82925886,2.3258982
CAGTTCCCAATCGTCA-1,-1.6026989,4.2609324
CATAAGCGTAGCGCTC-1,-0.97664505,3.23974
CATAAGCTCCGTGTGG-1,2.3517969,-2.4443388
CATACTTTCAACGAGG-1,-2.2689772,0.6416481
CATCAAGAGCGCCGTT-1,-2.929157,5.571969
CATCAAGGTATGGTTC-1,-3.5053945,-1.0856752
CATCAAGGTTGTCCCT-1,-3.6295013,0.32506138
CATCCGTGTATCGCTA-1,-4.5174785,4.4866586
CATCGGGTCGCTACAA-1,-4.9225287,0.9992089
CATCGTCTCCGTTGAA-1,-2.815598,5.0226436
CATGAGTCACCATTCC-1,-2.5836453,4.747407
CATGCCTCAATTGCTG-1,-4.5776706,0.4110065
CATGCCTCAGGCTATT-1,-2.8171568,4.350124
CATGCCTGTTCCGCAG-1,2.6877449,-1.7077689
CATGCGGTCGGTCGAC-1,-4.1436605,4.0833483
CATGCTCGTCTCTCAC-1,-3.1963325,0.605697
CATTCTAGTAGCTTGT-1,-2.0360866,1.7196608
CATTCTATCAGTAGGG-1,0.25966594,-1.624206
CATTGAGAGGGACCAT-1,2.2752209,-2.0600135
CATTTCATCTCTCTTC-1,0.9924699,-2.0656688
CCAAGCGAGCTAATCC-1,-2.8263874,2.9422834
CCAAGCGAGGTTCATC-1,0.18529552,-1.6116961
CCAATGAAGGTCACTT-1,-3.7830102,-0.32126063
CCAATTTCAAAGGCTG-1,-1.5126202,3.4496276
CCAATTTCATTCGATG-1,-2.015385,4.9010224
CCACACTCAGGACTTT-1,3.3573813,-2.1786773
CCACCATAGGTCATCT-1,-3.2429411,1.4551312
CCACGAGTCTTCCTAA-1,2.1532824,-3.3946714
CCACGTTTCATCAGTG-1,-3.2249131,-0.24036534
CCACGTTTCGTGAGAG-1,-4.732482,1.4923965
CCACGTTTCTGCTGAA-1,-1.5973439,2.218354
CCACTTGCAGCTATTG-1,-2.7478604,3.5869398
CCACTTGTCGCAGAGA-1,1.7963679,-0.95067614
CCATAAGGTGAGGAAA-1,3.0341544,-0.70017326
CCATCACCATTAAAGG-1,-3.4285848,0.4679718
CCATCACTCTAACACG-1,3.0868301,-3.0560198
CCCGGAATCAAACCCA-1,-2.7388237,2.634505
CCCTAACCAGGTTCGC-1,-3.4060645,5.5869164
CCCTAACGTAACTGCT-1,2.7004623,-1.238487
CCCTTAGGTTTCCAAG-1,-1.4781556,3.1363044
CCGAACGAGCTAAGTA-1,-2.5802252,4.173555
CCGAACGAGGAACGCT-1,1.8796022,-0.14032741
CCGATCTGTGGAGGTT-1,2.3877745,-0.6455705
CCGATGGGTTCTCGCT-1,2.540454,-1.1093347
CCGATGGTCACCTCTG-1,-2.0854206,-0.48546186
CCGATGGTCTGTCGCT-1,-4.4669433,2.2704978
CCGCAAGCATTCAGGT-1,-2.2903218,3.0641174
CCGCAAGGTACCAGAG-1,-3.339848,3.1895866
CCGGACAGTGATACCT-1,1.3331879,-2.9998174
CCGGGTACACTCCGAG-1,1.2337137,-0.48327065
CCGGTAGGTAGTACGG-1,-2.3722851,4.9153805
CCGTAGGGTTCCCACT-1,-2.5307403,4.962301
CCGTAGGTCATACAGC-1,-3.074492,-0.3367301
CCGTGAGAGAGGTCAC-1,-2.2623894,5.413417
CCGTGAGTCGCCTTTG-1,-2.6042774,0.81897753
CCGTTCACAGAAGCTG-1,-3.604392,2.00809
CCTAAGAAGACTCTAC-1,-1.8093413,4.6033278
CCTATCGAGACAGCGT-1,2.164663,-1.4058964
CCTCAACTCTTAGCCC-1,-2.4385242,1.6027764
CCTCAGTAGCAAGGAA-1,-0.8766245,1.5092398
CCTCAGTCATGATGCT-1,-2.0196738,2.0348167
CCTCAGTTCCGAGCTG-1,-2.5426738,0.2959882
CCTCATGCACTATGTG-1,-1.4524376,5.47217
CCTCATGGTTTCGCTC-1,-1.8869473,5.238081
CCTCATGTCTCTCAAT-1,-2.1919787,2.9980958
CCTCCAAAGGCCCGTT-1,2.5146885,-0.4666124
CCTCCAACAACCCTCT-1,-0.81718785,1.8112042
CCTCCAACACAATGAA-1,-4.581813,1.3490546
CCTCCTCAGTCCCGAC-1,-0.59058976,0.48632103
CCTCCTCCATTCAGGT-1,-4.583599,1.7441458
CCTCCTCTCAAGCGTT-1,-1.2314476,4.1315813
CCTCTAGCAGACCTAT-1,2.1781871,-2.0391212
CCTCTCCTCGTTCCTG-1,1.2552806,-0.30763137
CCTGCATAGTGGTGAC-1,3.910124,-1.4139996
CCTGCATCAACGGGTA-1,-2.949014,2.1001668
CCTGCATGTTCTTAGG-1,-4.6897283,3.4601376
CCTGTTGGTGTGCCTG-1,2.7948084,-0.8354887
CCTGTTGTCAAGAGTA-1,-4.1286325,-0.9657434
CCTTCAGAGGAACGTC-1,-1.8964001,1.9940195
CCTTCAGCACAGAGCA-1,-3.156874,-0.5774476
CGAAGGATCGACGCGT-1,-4.803643,2.752902
CGAATTGGTCTGTTAG-1,-3.6356564,3.0003462
CGAGAAGTCAAGTTGC-1,-4.690043,2.8425782
CGAGAAGTCCAATGCA-1,3.6339178,-1.4340746
CGAGGAAAGTCGCGAA-1,-4.8310404,4.1522126
CGAGGAACACTGATTG-1,-3.2333772,-0.36230183
CGAGGCTCAGATCACT-1,-3.0390844,-0.42709848
CGAGGCTCAGCATGCC-1,2.0765991,-0.43487394
CGAGTGCGTTCCGCGA-1,-4.407428,0.19754489
CGAGTTAGTCGAGTTT-1,1.571727,-2.000894
CGATCGGCAATTGGTC-1,2.4993453,-2.0833569
CGATCGGCAGCGTGAA-1,-2.7656238,4.056468
CGATGCGAGCAGAAAG-1,-2.6824048,4.1469746
CGATGCGTCGAACCAT-1,-2.8043485,1.4964399
CGATGGCCACTCGATA-1,-4.4389033,3.9083934
CGATGGCGTAGCGTCC-1,-2.0430207,4.805926
CGCAGGTGTGCTTCAA-1,-2.8579268,0.05308133
CGCATAAAGTGATGGC-1,1.6061188,-1.8115373
CGCGTGAGTACAATAG-1,-3.7313085,3.2203968
CGGAACCGTATCACGT-1,1.7121605,-3.5421295
CGGAACCGTTTGCAGT-1,-3.678253,1.5883504
CGGACACAGGACAGCT-1,3.089197,-1.337332
CGGGACTGTTTCACTT-1,-2.0357049,3.4975843
CGGGTGTTCCGTGACG-1,2.5726326,-1.6809219
CGTAAGTGTGATAGTA-1,-2.3842156,5.9705706
CGTAGTATCAGCCCAG-1,-3.2773137,2.32679
CGTCAAACAGAATGTA-1,-4.5965376,4.844718
CGTCCATGTTTGGAAA-1,-5.429989,1.8104613
CGTGAATAGTCGGCCT-1,-0.4722436,-1.7460555
CGTGCTTAGCTTTGTG-1,2.9428809,-1.2256466
CGTGCTTCAAGCGCTC-1,1.2798496,-3.0423994
CGTGCTTGTTTAGACC-1,-5.443253,2.5079997
CGTGTCTCACAGTACT-1,-2.6322222,3.6178315
CGTGTCTCATGGGTTT-1,-3.6284356,4.0203605
CGTGTCTGTCAGTTTG-1,2.8103395,-3.132126
CGTTAGATCAGCCTCT-1,3.161119,-2.8809602
CGTTAGATCATTATCC-1,0.6520884,-2.5283887
CGTTAGATCCAAGAGG-1,1.3753207,-3.465365
CGTTCTGTCAGCGCAC-1,-2.7889285,4.117248
CGTTCTGTCCCGAACG-1,-2.6575246,3.6264658
CTAACCCAGCCGCTTG-1,-4.8211484,2.0148013
CTAACCCCACTTCAAG-1,-1.5762633,-0.07287649
CTAACTTAGCCTCACG-1,-1.0834244,3.321714
CTAAGTGCACAATGCT-1,-3.3077807,-0.8840035
CTAAGTGGTCCACTCT-1,-1.4832293,3.1358435
CTACAGACAACAAAGT-1,-2.793261,2.2790136
CTACCTGTCTCGAACA-1,2.4854765,-0.71394986
CTACGGGTCGTTCAGA-1,-3.3299046,2.180278
CTAGACAGTCGTGGTC-1,1.3707589,-2.499373
CTAGACAGTCTAACTG-1,3.0881128,-1.160376
CTAGGTATCTAACGCA-1,-4.0738006,1.6060615
CTATCCGAGCTGTTAC-1,-2.3217845,3.318616
CTCAACCGTGGATGAC-1,-4.4681816,3.983368
CTCAACCGTGTGTCGC-1,-5.2024927,1.3478936
CTCAAGAAGATTACCC-1,-3.0202923,2.0897672
CTCAAGAGTCAAAGAT-1,-2.2553897,4.1032643
CTCAATTTCGGAAGGT-1,2.7259798,-0.8563172
CTCACTGCACCTTCCA-1,-3.5540562,2.1482427
CTCAGAACAATTGTGC-1,-1.8082353,0.70840096
CTCAGGGGTCATCGCG-1,2.081278,-2.4808357
CTCAGGGTCTCACCCA-1,3.1402884,-0.6276939
CTCAGTCAGGGACAGG-1,-1.6814312,5.0444846
CTCATCGAGAGGCGTT-1,-2.4711368,1.5426311
CTCATCGTCGTACCTC-1,-4.1954923,1.6838691
CTCATTAAGGAAGTGA-1,1.9571334,-2.3429937
CTCATTATCGTACACA-1,-3.0778875,3.5237045
CTCCAACCAATCTCTT-1,-2.3305843,4.4896245
CTCCAACGTAGTGTGG-1,-4.041292,4.0239506
CTCCATGAGACAGCTG-1,-2.9480522,-0.882935
CTCCATGGTGTTGACT-1,2.1104262,-2.5756977
CTCCATGTCATCGTAG-1,-3.128306,2.5575037
CTCCATGTCGTCGATA-1,2.5621207,-1.0445362
CTCCCAATCAATCAGC-1,-2.8962102,5.1341815
CTCCCTCAGCGCGTTC-1,0.060494594,-2.3206794
CTCCCTCCACCGGAAA-1,1.7924209,-0.28682443
CTCCCTCGTTTACGAC-1,-4.8772116,4.5397835
CTCCCTCTCATCGCTC-1,-3.921104,4.3534923
CTCCGATTCCTTTAGT-1,-2.2713735,3.936207
CTCCGATTCTTTCTAG-1,-2.8230336,1.2445111
CTCCTCCTCACCTCTG-1,-3.6490464,0.84398407
CTCCTTTAGATGCTGG-1,2.294787,-3.190754
CTCCTTTTCTACACTT-1,-1.0683894,2.7882338
CTCGAGGAGCCTATTG-1,-0.7383483,0.18486327
CTCGAGGAGGAAAGGT-1,-3.3692746,0.62344843
CTCTCAGGTTAAGCAA-1,-2.6342354,1.96812
CTCTCGATCCATAGGT-1,-4.114938,-0.43898198
CTCTGGTAGTAGGATT-1,2.1160924,-2.8458588
CTGAATGAGCTCTATG-1,3.3676648,-2.274307
CTGAATGAGGCGAACT-1,-5.453208,2.6140678
CTGAGGCGTTCAGCGC-1,-3.8652017,-0.5695838
CTGATCCGTCGCGTCA-1,-1.0574723,3.5805166
CTGATCCTCCCTCTAG-1,-5.345141,3.9640784
CTGATCCTCTCTCCGA-1,-1.2899284,2.1259987
CTGCAGGAGCCATTGT-1,-2.5311842,1.449464
CTGCATCGTAAGCTCT-1,-1.381809,3.2042775
CTGCCATTCAGTGTTG-1,-1.054218,4.738655
CTGCCATTCGGAACTT-1,1.7429887,-2.389174
CTGCCTACAAGACTGG-1,0.09366996,-1.928452
CTGCCTATCTTGATTC-1,-2.9854226,-0.76440495
CTGCGAGAGATTAGAC-1,0.6993873,-1.1699952
CTGCGAGAGTGCACTT-1,2.0181143,-2.9011333
CTGCGAGCAGATTCGT-1,-3.2854536,-1.1361082
CTGCGAGGTAGGTTTC-1,-2.292407,0.87334156
CTGCTCACAGCGTTTA-1,2.9307208,-1.8873944
CTGGACGCAACGATTC-1,-5.053581,4.359658
CTGGACGCACACGGTC-1,3.099767,-3.1414068
CTGGACGGTTCCCAAA-1,-3.5105846,1.7607583
CTGGACGTCTCATTTG-1,0.4612866,-2.033077
CTGGCAGGTTGCAAGG-1,2.6078558,-0.74071294
CTGGCAGTCGTCTCAC-1,-2.304609,4.596563
CTGTCGTAGCTGGCCT-1,-4.451672,1.8016315
CTGTGAAAGGAACGCT-1,1.6263776,-0.92258155
CTGTGAATCATCGCTC-1,1.2245594,-2.6887038
CTGTGGGGTCGTGATT-1,-2.988681,1.7015496
CTTCAATGTTGGACTT-1,-5.3114758,3.8310652
CTTCGGTCACGTTCGG-1,-3.8956583,2.2421873
CTTCGGTTCCAAGAGG-1,-4.233564,-0.7131545
CTTCTCTTCCTACAAG-1,-2.6009712,3.1702056
CTTGAGAAGAATTGCA-1,-1.2216522,-0.48285988
CTTGATTAGGTAGGCT-1,-4.2376924,4.747993
GAACACTGTTGGACTT-1,-4.9961786,0.8789765
GAACGTTGTCAGGAGT-1,0.44251305,-2.2179787
GAACTGTCATCGAACT-1,-2.847978,2.2146938
GAACTGTTCTCAAAGC-1,-3.4709415,2.1157317
GAAGAATAGGTACAAT-1,1.6763853,-2.1698968
GAAGCCCCAGGAACCA-1,3.2193308,-1.9623587
GAAGCGATCAGTAGGG-1,-1.0624903,3.1751945
GAAGGACGTCTGCCTT-1,0.88745236,-1.7046791
GAAGGGTTCGCAGATT-1,-1.3503925,2.2989347
GAAGTAAGTCTAGATC-1,-1.9135494,3.0302906
GAATCACCAGTGGTGA-1,-2.982136,4.4026933
GACACGCCAGTCCGTG-1,-3.6046216,-0.028763728
GACACGCGTTCCAAAC-1,-3.946678,-0.47679964
GACAGCCGTATCGTGT-1,-2.655558,6.2266803
GACCCTTCAGCGTATT-1,2.2683423,-0.6911057
GACCCTTCATCATCTT-1,-5.496236,1.8371629
GACCTTCCACCTGCGA-1,1.5265027,-2.3986027
GACCTTCGTCGAGCTC-1,-2.9944682,2.3925219
GACTATGCATCATTGG-1,2.5360985,-1.9237593
GACTATGTCCAAGGGA-1,-3.8204532,4.9756885
GACTCAATCTCCCAAC-1,1.1776809,-1.5534172
GACTGATTCATCCTAT-1,-3.3836353,3.0160398
GACTTCCTCCTCTAGC-1,-2.830663,1.789224
GAGAAATCATTGGATC-1,-1.2068762,3.4200125
GAGACCCAGTAGGATT-1,1.2598149,-1.5994442
GAGACTTAGTCACTCA-1,-2.9558756,6.088881
GAGACTTCAGGCTATT-1,1.543405,-2.8277981
GAGAGGTTCATAGACC-1,-5.237946,2.650276
GAGATGGCATGTAACC-1,-4.235907,2.7597067
GAGCCTGAGGCAGCTA-1,0.2009521,0.40922517
GAGCCTGCAGTCTCTC-1,-2.573273,5.7708387
GAGCCTGGTCCACGCA-1,-1.9978099,4.0453777
GAGCTGCGTCGGATTT-1,1.7862524,-2.9279678
GAGGCAAAGTCACGAG-1,-3.6540825,4.7452254
GAGGGATCACTTGGCG-1,-3.304188,3.8046718
GAGGGTACAGTTTCAG-1,-3.3006544,2.8104692
GAGGGTAGTCAACACT-1,-3.3676863,2.0058205
GAGGGTATCTGTCCCA-1,-3.9311209,1.5276921
GAGTCATAGGGTTGCA-1,-3.691116,-1.0184764
GAGTGAGGTCGGCTAC-1,-1.856985,0.64836586
GAGTGTTCACAAGCTT-1,-4.7353435,-0.083947025
GAGTGTTGTACGTAGG-1,-2.6616287,6.023073
GAGTTACAGACGACGT-1,-4.016736,4.673164
GAGTTGTAGCGTTACT-1,3.5413303,-2.2094977
GAGTTGTAGTGCGTCC-1,2.0421364,-1.4026237
GAGTTGTCACGGTGCT-1,-1.9117326,3.8237739
GATAGCTGTCGGAAAC-1,2.9599605,-1.4204047
GATAGCTGTCTGTTAG-1,-2.14468,4.6317945
GATAGCTTCGTGCAGC-1,-3.60507,1.8146505
GATCACACACCCTGTT-1,-3.2382336,2.651477
GATCAGTAGGAACATT-1,-4.5096884,-0.98538184
GATCAGTAGTGCGCTC-1,-2.1836002,4.486617
GATCAGTGTTACAGCT-1,-2.9197993,0.3053327
GATCATGAGGCCTAAG-1,-4.268059,4.265722
GATCCCTAGAGGATGA-1,-5.4201193,1.5893279
GATCCCTGTAATTAGG-1,-1.4423267,4.238964
GATCGTACAGCGCGTT-1,-1.3449734,1.1075246
GATCGTATCTCTGGTC-1,-1.7676771,3.9677417
GATGACTTCGTGGCGT-1,-2.059609,0.99037975
GATGACTTCTCTAGGA-1,-4.254022,-0.6363033
GATGAGGCAAATGCGG-1,-4.3357882,3.4127185
GATGATCGTATGGAAT-1,-4.0736585,2.8975172
GATGATCGTGTAACGG-1,-4.224254,-1.000779
GATGCTAGTACAGGTG-1,-2.5774994,2.945862
GATGCTATCCTACGAA-1,-3.7774954,2.9330702
GATGGAGAGCCAGACA-1,-3.5903833,1.4902527
GATGGAGCACTTGAAC-1,-5.1390853,3.0461369
GATGGAGTCTGCGGCA-1,-2.8278317,1.5400901
GATGGAGTCTTCCAGC-1,1.3321303,-0.9966904
GATTCTTGTACAGTCT-1,-4.964108,4.595739
GATTGGTGTTGAGAGC-1,-4.194032,4.9427233
GATTTCTCAAGTGGGT-1,-3.1826963,5.266549
GATTTCTTCCTTCAGC-1,-3.904396,-1.1553389
GCAACCGTCATTTCCA-1,-2.2917323,4.9919753
GCAACCGTCGAACGGA-1,-3.633194,-1.3497146
GCACGGTAGTAGTCTC-1,-4.2515063,4.405101
GCACGGTCACCCAACG-1,-4.088017,-0.9321915
GCACGTGTCAGACATC-1,-1.9493818,3.9506578
GCAGCCAAGAGGTCAC-1,-2.7466815,0.56030107
GCAGCCACATACATCG-1,-2.9596918,-0.6108989
GCAGCCAGTTGCGTAT-1,-5.497062,2.6419358
GCAGCCATCACCGGGT-1,-3.3651173,2.7323062
GCAGCTGGTAAGTTAG-1,0.6218636,-1.971142
GCAGCTGGTGGGTCAA-1,-3.5052881,0.17720379
GCAGCTGTCAAAGCCT-1,0.08419659,0.09113088
GCAGCTGTCCTTCTGG-1,-1.8966839,5.820407
GCAGTTACACATTCTT-1,1.5148245,-0.6280846
GCAGTTATCTCTCTTC-1,2.1686087,-1.3507806
GCATCGGGTAACGATA-1,2.1107204,-0.37505946
GCCAACGTCTAACGCA-1,-2.1700554,5.935391
GCCAACGTCTGCATAG-1,0.34461766,-2.5905232
GCCAGGTGTTAGAAAC-1,-1.1427492,3.2048075
GCCAGTGAGTCCTACA-1,-4.801462,0.53051895
GCCGATGAGTAACCTC-1,-2.7126954,5.3812804
GCCGATGCATCTTTCA-1,-4.1560845,-1.1221228
GCCGTGACAACGACTT-1,1.5221092,-0.25258082
GCCGTGACATGCCGGT-1,-3.1882546,2.6838148
GCCGTGAGTCAGTCCG-1,-1.2617763,1.6291219
GCCTGTTCACAGTCAT-1,2.4520712,-3.3655329
GCGAGAAAGTTGTAGA-1,2.4942648,-1.1721116
GCGAGAATCCTCAGAA-1,-2.019218,1.9355619
GCGGAAAGTGTGTCCG-1,-2.7388663,5.793552
GCGGATCAGCAACTTC-1,1.4331812,-1.80285
GCTACAAGTCAGCTTA-1,-0.88711894,2.747538
GCTACCTCACGCACCA-1,0.5327262,-2.7500503
GCTACCTGTCCTACAA-1,2.9642055,-1.7986114
GCTGAATAGCACTCTA-1,-4.3569727,1.5883135
GCTGAATCACACGGAA-1,-0.9716704,0.2609709
GCTGAATTCGTTAGTG-1,1.3795507,-0.97864914
GCTGCAGAGGGCAGAG-1,-3.8538303,4.2990546
GCTGCAGGTGCTGATT-1,-3.88372,4.8858013
GCTGCAGGTTGACGGA-1,0.1630598,-1.8411621
GCTGGGTAGTACAACA-1,-1.5729607,3.9044147
GCTTCACCAACACGAG-1,2.9863188,-2.5122051
GCTTGGGAGAAGGTAG-1,3.3614545,-1.7962372
GCTTTCGAGTGCAAAT-1,2.932124,-1.4784119
GCTTTCGGTTCGGGTC-1,-3.0481791,2.0194046
GCTTTCGTCCGGTAGC-1,-2.87994,3.8211198
GCTTTCGTCTGGGTCG-1,2.5863693,-2.7042372
GGAACCCAGCCATTTG-1,2.1769435,-2.9932985
GGAACCCTCTAATTCC-1,-3.3327389,0.0015173398
GGAAGTGCAACCCTCT-1,-1.6101708,1.1715939
GGAATCTCAAACTGCT-1,-3.6032257,1.7158823
GGAATCTTCAATCTCT-1,-3.7911131,1.9350557
GGAATGGAGGACTAAT-1,2.862489,-2.945214
GGAATGGCACGACGCT-1,-3.3894334,1.05101
GGACGTCGTTCAACGT-1,0.60410064,-3.0117595
GGAGAACGTGCCCACA-1,0.7627272,-1.0938035
GGAGGATGTATGAAAC-1,0.7787228,-2.332067
GGAGGTAAGGCGTTGA-1,0.3077779,-2.2078857
GGAGGTATCTGGTGCG-1,2.706474,-1.4061369
GGATCTAGTGCCTGCA-1,-1.1532801,1.7152265
GGATCTATCACCTACC-1,-2.7063828,1.3749061
GGATCTATCATAAGGA-1,-2.891229,1.9778844
GGATGTTAGCCGGATA-1,-3.0038605,2.668993
GGCTGTGCAAAGCTAA-1,-3.6752264,5.367708
GGCTGTGCACGGTGAA-1,-3.2538786,-0.052541565
GGCTGTGGTCCACATA-1,-2.222526,2.305958
GGCTTGGCACCGAATT-1,-2.5665054,2.930245
GGCTTGGGTAGATCGG-1,-1.9611051,2.4915168
GGCTTGGTCTTCTTCC-1,0.4034021,-1.5812844
GGGACAATCCGATCTC-1,3.59417,-2.3905036
GGGACCTGTTCTTGTT-1,-3.913115,2.6575205
GGGACTCCACATATCG-1,-5.2371144,3.0084913
GGGACTCCACGGGCTT-1,1.7944028,-2.0655591
GGGAGATCACGGGTAA-1,-1.1093879,-0.5398876
GGGAGATTCACGGACC-1,-3.6306329,-0.6594802
GGGAGTAAGCAGGCAT-1,2.7548585,-2.9402323
GGGAGTATCACCTCGT-1,3.1310525,-1.4312592
GGGAGTATCTTAGCCC-1,1.4855924,-1.3885853
GGGATCCAGGGCAATC-1,-2.898855,5.5625076
GGGATGAAGGGAGGGT-1,-4.99762,3.2111335
GGGATGAAGTCCCGAC-1,-3.5905573,2.7407792
GGGCCATTCAGACCGC-1,2.1712234,-2.257192
GGGCTACAGACCAAAT-1,-4.010363,1.4659601
GGGCTACAGGCAGTCA-1,-3.02752,2.4199054
GGGCTCATCGCAATTG-1,-2.3617287,2.8308206
GGGTAGAAGTAGGGTC-1,-5.358403,2.2994435
GGGTCACCAGGAGGTT-1,-2.4650896,2.2991602
GGGTCACGTCCTTAAG-1,2.9755468,-1.0102733
GGGTCACTCACAAGGG-1,1.1600037,-2.1651225
GGGTCTGGTTTGAAAG-1,-3.550551,1.9714673
GGGTCTGTCCCGTTCA-1,2.678924,-1.6403649
GGGTGAACATAAGCAA-1,-3.7564516,3.3410726
GGGTTATCAGCCATTA-1,-2.6162121,4.910933
GGGTTTACACAGAGCA-1,3.5057642,-1.0177482
GGGTTTACACTAAACC-1,-2.7792158,1.9208242
GGTAATCCAAAGGAGA-1,-3.7329955,2.1897974
GGTAATCCACAGCATT-1,-3.3624487,-1.3674093
GGTAATCCATACCACA-1,1.1762847,-1.5733774
GGTAATCTCAAGTTGC-1,2.9110012,-2.962866
GGTAGAGAGACCAGCA-1,1.3290901,-0.4717877
GGTCACGCAATGGCCC-1,-3.5810251,3.1442149
GGTCACGGTCGTGATT-1,-4.6441865,0.9594487
GGTCTGGTCAGACATC-1,-3.6505303,-0.32674062
GGTCTGGTCTCCCAAC-1,-5.264956,1.7424865
GGTGATTAGCTGTACT-1,-4.9047666,0.75201446
GGTGATTCAGCTCGGT-1,2.5017908,-2.4273305
GGTGGCTGTGCGCTCA-1,-1.5311153,-0.31654924
GGTGTCGCAACGATCT-1,1.8586982,-3.2002068
GGTGTCGGTGTTATCG-1,-4.0225983,-0.11344131
GGTGTTAGTGGATTTC-1,-2.139317,-0.2095422
GGTTCTCCAGGTTCCG-1,1.3578163,-2.3327587
GGTTGTATCGAAGGAC-1,-1.2397996,-0.48903406
GTAACACAGAAAGCGA-1,-0.79458666,3.2898715
GTAACACAGCTCCGAC-1,3.214574,-1.3172389
GTAACACGTAGATGTA-1,-3.3765657,5.6602764
GTAACACGTGGCGTAA-1,0.73670393,-1.5138102
GTAAGTCTCGATTGGT-1,-4.2204776,2.3275197
GTAATCGCAGTTTCGA-1,-4.2276397,3.9713702
GTAATCGGTTGCGAAG-1,-3.1725895,4.7445555
GTAATGCCACCAGTAT-1,1.7916973,-3.4204795
GTACAACAGATAGCTA-1,-2.4766836,4.2475376
GTAGAAACATGGACAG-1,1.0857574,-0.67060816
GTAGAAATCTGAGATC-1,2.300343,-1.5290551
GTAGAGGCAACTTCTT-1,-3.1915314,0.4387416
GTAGATCCATCCCGTT-1,-5.502864,2.4810941
GTAGCTATCTCATGGA-1,2.5854712,-1.9144657
GTAGGAGTCCGTCACT-1,-2.464746,4.849938
GTAGGTTCAGAAGCGT-1,-3.3892415,1.341881
GTAGGTTGTGTTCGTA-1,-1.1180692,4.1645036
GTAGTACCACCCTATC-1,2.009938,-3.3551753
GTAGTACTCTGTGTGA-1,-3.5103185,4.2125807
GTATTTCAGAAGAGCA-1,-1.1122409,3.5641394
GTCAAACCAAGCACCC-1,-2.498721,3.1580229
GTCACGGAGCGGGTTA-1,-3.3109405,4.381899
GTCACGGCACCGTACG-1,-3.663623,4.616786
GTCACTCTCTTGAACG-1,-2.8574371,5.672895
GTCATGAAGTTTGGCT-1,3.2684329,-3.0596132
GTCATGACATTGGATC-1,-2.9239233,0.1099616
GTCATTTCAAGAGAGA-1,-5.149523,3.9156208
GTCATTTTCCTAGAGT-1,-1.7909102,5.4498386
GTCCCATCATGCCGAC-1,-4.2856507,0.8791665
GTCCTCAAGTCACGAG-1,-3.6663258,-1.0667442
GTCGAATAGGAGTATT-1,-3.9426358,-0.97521454
GTCGAATCAGAACCGA-1,1.0791845,-0.99953306
GTCGAATGTCAAGCGA-1,1.6849955,-3.1800933
GTCGCGAAGCAGCGAT-1,-3.4246888,5.0521216
GTCGCGAGTTTACCTT-1,-3.049123,5.222484
GTCTACCCAGGAAGTC-1,-4.310791,3.1464596
GTCTAGAGTATGTCAC-1,3.2998037,-1.0870234
GTCTAGATCGAGAGAC-1,-3.3271725,2.1913047
GTCTGTCAGATACGAT-1,-1.2545743,3.618947
GTCTGTCTCGAGCCTG-1,-2.46487,3.3346555
GTGAGCCGTGATCGTT-1,-2.4855468,6.1638236
GTGAGCCTCTGGAAGG-1,0.31443635,-1.8717312
GTGAGGAAGCATTGAA-1,-2.312686,1.6990936
GTGAGGACACAACATC-1,-3.4975839,1.8953977
GTGAGGACACTTTAGG-1,-4.1547866,4.3114915
GTGAGTTTCCAATGCA-1,-4.5987597,3.4146333
GTGATGTAGACATCAA-1,-1.1125032,1.2892375
GTGCGTGAGCTTCTAG-1,1.2772937,-3.0965757
GTGCTGGCAGGCTACC-1,-1.8443996,1.530779
GTGCTGGTCAAACCTG-1,-4.0818787,4.222925
GTGCTTCAGACCATAA-1,-0.14778571,0.011220532
GTGCTTCCACTCATAG-1,-2.2758281,5.990294
GTGCTTCGTCGCTTGG-1,1.5670247,-1.1483299
GTGGAAGAGCCAAGTG-1,-2.9790795,0.696738
GTGGCGTAGAATAACC-1,-3.0871496,5.472237
GTGGCGTCAATCGAAA-1,-1.6807716,0.73904884
GTGGGAAAGGTCGTAG-1,-4.1785035,-0.38637197
GTGGGAACATGAGTAA-1,-3.0840514,2.6536283
GTGGTTAAGTAACCGG-1,-3.0264487,5.707917
GTGTAACTCTTGGTGA-1,-3.8464262,2.769136
GTGTCCTAGTCGGCCT-1,-2.0019982,5.8600836
GTGTCCTCAGTTGTTG-1,-2.1659157,1.2518407
GTGTCCTGTGGCCTCA-1,-5.147866,2.675357
GTGTGATCACTACGGC-1,-4.952773,1.6823199
GTGTGATTCTTACGTT-1,-2.707983,5.821233
GTGTGGCAGGTACTGG-1,1.428986,-3.2468846
GTGTGGCAGGTAGTCG-1,-4.6432195,3.0094879
GTGTGGCTCACCACAA-1,-4.569481,2.3085625
GTGTTCCGTAGTTCCA-1,-0.39929712,0.78696203
GTTACAGAGTGTAGTA-1,-3.288121,2.8334582
GTTACAGCAAATCAGA-1,3.0398006,-3.012776
GTTACGAGTATGAGAT-1,0.17639203,-0.9716506
GTTAGTGAGAACGTGC-1,-4.903764,1.2823468
GTTAGTGCACCTCTAC-1,2.2864487,-2.6787436
GTTATGGTCGTTCCTG-1,-2.8658044,5.8948684
GTTCCGTAGTTGCCCG-1,1.2207428,-0.76361877
GTTCCGTCACCCGTAG-1,-2.1236272,5.5917673
GTTCTATCAAATGAGT-1,-2.297834,3.8767886
GTTCTATCACGTGTGC-1,0.3892539,-1.9938296
GTTCTATTCTACACTT-1,-5.5558558,3.3728952
GTTGAACAGGAACATT-1,-2.497912,5.3726444
GTTGAACGTACCCGCA-1,0.8765399,-2.8313868
GTTGCGGAGCTGCCTG-1,-5.429681,3.4624918
GTTGCTCAGTTTCGAC-1,-2.0789642,4.454626
GTTGCTCTCATTTCCA-1,-2.8020556,1.6917815
GTTGTAGCAGTTCTAG-1,-2.2240357,0.5835873
GTTGTGATCTCGGTCT-1,-4.698995,3.8150148
GTTTGGAGTGTATACC-1,-3.5087817,4.389821
TAACGACCACATATGC-1,-1.5721153,3.1493483
TAACGACGTGCCTACG-1,-0.78376883,2.5395336
TAACTTCGTTGTGGAG-1,-5.1499476,3.978011
TAAGCACAGAAGCTGC-1,-1.693276,3.4759305
TAAGCACTCACCATAG-1,-4.0966363,0.6997538
TAAGCCATCTGGCCTT-1,-2.0864005,0.10203473
TAAGCGTTCGTTGCCT-1,-4.366315,1.9903325
TAAGCGTTCTGTCGTC-1,-1.4869213,1.4198799
TAATTCCCACTCCGGA-1,-0.69358,2.6068134
TAATTCCGTATTGACC-1,2.9761343,-2.4552515
TAATTCCGTCAGTCCG-1,-3.5720527,1.3946368
TACAACGCAAAGGTTA-1,-4.0868826,2.0010233
TACAACGCATAGATCC-1,-4.9433846,2.224255
TACACCCTCGACTCCT-1,-3.2941823,3.3481271
TACAGGTTCCTTACCG-1,-3.3298967,2.4912302
TACATTCGTGGCTTAT-1,-3.1852589,3.6497755
TACCTCGCACCCAACG-1,-3.4342217,4.082602
TACCTGCAGTCTGCAT-1,-1.978017,0.3977908
TACCTGCTCCAAGCTA-1,-3.1141956,-0.043913595
TACGCTCTCTCGGTCT-1,2.4461298,-1.7274721
TACGCTCTCTTAAGGC-1,-3.0603013,1.0600437
TACGGGCTCAACGAGG-1,-4.1077657,1.5612723
TACGGGCTCTACCACC-1,-4.4398828,2.5000021
TACGTCCCAAGTGATA-1,0.060455658,-1.9550798
TACGTCCCATGTGTCA-1,-2.2555373,5.49043
TACTTCATCATGCCGG-1,-2.643547,1.6082623
TAGACCAGTCTCGGGT-1,-1.7416744,4.443144
TAGACTGAGATTGTGA-1,-3.164614,1.26076
TAGACTGGTCTTGAAC-1,0.21731967,-0.05157692
TAGACTGTCGCCGAGT-1,3.2278264,-0.88207465
TAGAGTCGTTGTGTAC-1,1.6292477,-2.8671248
TAGATCGCAAATGGTA-1,0.9744275,-1.30685
TAGATCGCACACGCCA-1,-4.67632,2.8634527
TAGATCGTCACAACCA-1,0.79461807,-1.7856538
TAGCACAAGTACTCGT-1,1.54266,-1.6849232
TAGGAGGCAAGACCTT-1,-4.17717,2.5189013
TAGGAGGGTTCCAGGC-1,-4.5775857,-0.22672665
TAGGGTTAGAGAGCGG-1,-4.2808375,2.0086405
TAGGGTTAGGAACATT-1,-4.218178,1.2183672
TAGGTACGTGTCATCA-1,1.844687,-1.8004314
TAGGTACTCGAAGCAG-1,-1.6701995,5.6036
TAGTGCACACTCGATA-1,1.6894825,-1.8601066
TAGTGCACAGAGGAAA-1,3.2050247,-1.3449805
TATACCTGTTCTCGTC-1,-3.4937558,3.430891
TATACCTTCTGTCCGT-1,0.43840936,-2.4384058
TATATCCCATGCGTGC-1,-3.4517152,0.25470808
TATCGCCTCTCCCAAC-1,2.5739722,-3.2311692
TATCTTGTCCATCTCG-1,2.5768566,-2.9128246
TATGTTCAGTATGGAT-1,-1.9396201,4.9913416
TATTGCTTCTCGAACA-1,-5.0963593,4.1888356
TCAAGCATCCACTTTA-1,-2.5770326,2.4491699
TCAATCTAGAGGTTTA-1,-3.0680058,2.825946
TCAATCTGTTTCCCAC-1,-3.881922,-0.8547197
TCACAAGGTAGTGGCA-1,-5.1260886,2.7027974
TCACAAGGTGGATACG-1,2.2432582,-2.437976
TCACACCCACCAGCCA-1,3.1090941,-2.8221915
TCACACCGTCTCACGG-1,-2.851306,3.4360225
TCACACCGTTAAACCC-1,1.9049643,-2.9846878
TCACACCTCTGGGAGA-1,-2.4705095,2.8296597
TCACACCTCTTACCAT-1,-1.0549017,2.4315417
TCACATTCAGAACTAA-1,2.1171281,-0.70355356
TCACATTCATGCCATA-1,-3.416814,3.5230105
TCACGCTAGGACATCG-1,-1.9834158,1.1049944
TCACGCTGTCTGCCTT-1,-2.697669,2.9985232
TCACGCTTCACTAGCA-1,-5.0703382,2.1031423
TCACGCTTCGGACTGC-1,-3.0896912,1.1654708
TCACGGGCAACCGACC-1,1.6133398,-1.53685
TCACTATGTTTAGACC-1,-2.4976127,5.500026
TCACTCGCAAAGCAAT-1,3.9074492,-1.68092
TCACTCGGTCAACCAT-1,-1.2703043,0.4229113
TCACTCGTCGGTCATA-1,3.541937,-2.3878336
TCAGCAACAAATCAAG-1,1.7493339,-2.7964895
TCAGCAAGTATGACAA-1,0.041783687,0.72431225
TCAGGGCTCATGCGGC-1,-3.3266754,2.354715
TCAGGTACAATCGCAT-1,-3.1539776,0.39668077
TCAGGTAGTATGGTAA-1,-4.52763,2.6813803
TCAGTCCGTAAGATCA-1,2.6503606,-3.2795117
TCAGTCCGTCTCTCAC-1,-1.0640529,0.6825829
TCAGTTTAGGATATAC-1,2.8984487,-0.592755
TCATACTCAGGTACGA-1,-2.215487,5.4450502
TCATACTTCAGAGCAG-1,0.7309338,-2.8281083
TCATATCCATGCTGCG-1,-0.62257075,0.7189334
TCATCATAGCACACAG-1,0.35113224,-1.7688491
TCATCATGTTGCACGC-1,2.9203858,-2.655921
TCATCCGTCCAACTGA-1,-5.3698,1.5557972
TCATGCCCAAAGCGTG-1,-3.3132825,4.820068
TCATGCCGTGTCTTAG-1,-5.288008,3.4735765
TCATGTTAGAGGCGGA-1,-2.6665933,-0.7611338
TCATGTTGTGTGTGTT-1,-3.7672825,4.4631877
TCATTACGTGCATGAG-1,-3.667524,4.2997303
TCATTGTGTGAGCAGT-1,-5.427023,2.8291988
TCCATCGGTTTAGTCG-1,-4.8863244,0.52613527
TCCCACACAGACCAAG-1,0.47847483,-1.7207263
TCCCAGTAGACCGTTT-1,2.9531507,-0.4500918
TCCCAGTTCGACATAC-1,-0.2103025,-1.4925945
TCCCATGTCGGCCCAA-1,-1.6119207,1.7267902
TCCGATCTCAAACCTG-1,-4.113378,4.0762186
TCCTCCCAGTCTAACC-1,0.7078984,-0.48845097
TCCTCGATCTCTCGAC-1,-2.2364872,4.6204967
TCCTCTTAGAGTGAAG-1,2.451279,-0.54339975
TCCTCTTAGCCAAGGT-1,-2.6566372,4.828122
TCCTTCTCAACTCGTA-1,0.5581343,-2.374916
TCCTTTCTCGCTGTCT-1,-0.29819047,0.59279794
TCGAAGTGTATCAGGG-1,-1.8857843,5.6664233
TCGACCTCAAAGACTA-1,-4.7212267,3.2885547
TCGACCTCAAGTAGTA-1,-3.0465415,2.0573988
TCGACGGTCGAAGTGG-1,-2.574003,2.698592
TCGATTTGTACGCTTA-1,-4.581463,2.522622
TCGCAGGAGATTGACA-1,-1.2631047,3.1414878
TCGCAGGGTAGGCTCC-1,-2.5493894,1.6983913
TCGCAGGGTTCTAACG-1,-2.7699404,3.9134865
TCGCTCACAAGATTGA-1,-4.7717056,4.312481
TCGCTTGAGAGACAAG-1,-0.92453486,2.0879185
TCGCTTGAGCATTTGC-1,-0.5408129,2.3198092
TCGGGACGTAACGGTG-1,-0.13968095,1.6335046
TCGGGACTCTAGATCG-1,-2.5366492,4.482586
TCGGGCATCCGATTAG-1,-0.38989514,1.0002363
TCGGGCATCTGAACGT-1,3.6957843,-1.7584871
TCGGGTGCAGTCTGGC-1,1.4014214,-0.8358006
TCGGTCTTCATTGCTT-1,-2.9073005,1.505162
TCGGTCTTCGACATAC-1,-5.0912285,1.1873069
TCGTAGACAATGAAAC-1,1.484853,-1.0240606
TCGTGCTGTGATCATC-1,-4.428376,-0.03197963
TCTAACTAGGTCCAGA-1,-2.0571578,1.4198451
TCTACCGCAGTCGTTA-1,-3.4211833,4.047197
TCTACCGTCCACGGAC-1,-4.629019,2.2509122
TCTATACGTTATCCAG-1,3.097353,-1.4604226
TCTATCAGTATGCTAC-1,1.7457495,-1.0547836
TCTATCAGTTGCCGAC-1,-4.999881,4.621997
TCTCACGAGGCTCCCA-1,-2.051148,5.762406
TCTCCGAAGTCAATCC-1,2.7125993,-1.4782962
TCTCCGATCTCTCTTC-1,-2.7683284,-0.13095847
TCTCTGGCAAAGCAAT-1,1.0924969,-1.9101025
TCTGCCAAGTTACGGG-1,-1.6357075,0.56864464
TCTGCCAGTAACGCGA-1,-2.0439982,-0.695691
TCTGCCAGTAGATGTA-1,2.3305,-1.8542649
TCTGGCTCATCCTGTC-1,-4.294975,-0.13992594
TCTGTCGAGACTAGAT-1,2.0234005,-2.3006198
TCTGTCGCACCAGCGT-1,-2.134098,5.9927554
TCTTAGTAGGCCTGCT-1,-3.996758,3.1801634
TCTTAGTCAACACGAG-1,1.6574256,-1.6022322
TCTTAGTGTTGCCAAT-1,2.8736932,-1.9660836
TCTTAGTTCAGAATAG-1,-3.9589238,3.9274416
TCTTGCGAGATGAAGG-1,-5.108614,2.6332057
TCTTGCGCACTACTTT-1,-3.9589741,-1.1400838
TCTTGCGCAGAGGAAA-1,-4.698738,3.2361002
TCTTGCGGTCCAGCCA-1,-1.9452467,3.2172031
TCTTTGAGTGGAGAAA-1,-4.1651473,-0.7490397
TGAACGTCAAATGAAC-1,-2.1624603,5.8032675
TGAACGTGTAACTAAG-1,-3.0185833,3.0557764
TGAACGTGTCCATAGT-1,2.7864606,-2.4884162
TGAATGCGTGGACTAG-1,-2.513121,-0.6249887
TGAATGCTCGACGAGA-1,1.8244876,-1.1471751
TGAATGCTCGCCGTGA-1,1.2337694,-0.85949004
TGACAGTTCGAGATGG-1,-3.0235767,0.8446084
TGACCCTTCTCATTGT-1,1.6014813,-1.1553874
TGACGCGGTGGCTTAT-1,-2.718472,2.3832684
TGACTCCAGTCTCCTC-1,-1.2828304,4.053148
TGACTCCCACCATAAC-1,1.2516167,-0.8748134
TGAGACTAGGCTGAAC-1,-3.7329817,2.6432168
TGAGCATTCCATTGCC-1,1.0023607,-3.071411
TGAGCATTCCTTCACG-1,-2.2258434,3.821524
TGAGCATTCGATACTG-1,-5.07526,2.6751359
TGAGCATTCTGTCTCG-1,2.7735033,-2.7501662
TGAGCGCCACTATGTG-1,2.302651,-2.9207935
TGAGCGCCAGCATACT-1,2.3591955,-3.1595068
TGAGCGCTCGTCTAAG-1,-1.9981835,5.533098
TGAGGAGTCCATCGTC-1,-4.920409,0.07033588
TGAGGGATCAAACGTC-1,-4.7991896,1.6005454
TGAGGGATCATAAGGA-1,1.1361163,-0.3677846
TGAGGTTCAAACTAGA-1,2.7037919,-0.48159832
TGAGGTTCAGGACATG-1,2.2424526,-0.68330735
TGAGGTTGTAGCTTTG-1,1.5707903,-2.568244
TGAGTCACAGAACGCA-1,2.163559,-1.7316107
TGAGTCAGTAACCCTA-1,-2.7900925,3.2545924
TGAGTCAGTCACTCTC-1,2.9780245,-2.4976246
TGATCAGAGGATTCAA-1,1.7624961,-0.35057595
TGATGCACAGGGCTTC-1,-3.4929042,0.98687714
TGATGGTAGACCCGCT-1,-2.4530306,5.692939
TGCACGGTCGAGTACT-1,-5.643837,2.9339995
TGCAGGCAGCGTTCAT-1,-2.9100287,2.8665183
TGCAGGCCAGGAATAT-1,-3.2346325,4.532186
TGCAGTAAGTAGTCCT-1,-0.89249593,0.3801079
TGCAGTATCCACATAG-1,1.3940691,-2.2752182
TGCATCCCACCCAACG-1,-3.1412904,0.24823318
TGCATGAAGCACCCAC-1,-2.3588903,0.286428
TGCGACGAGCGACAGT-1,-2.0559983,1.8690368
TGCGATAAGAATCGCG-1,-4.269939,3.7968152
TGCGGCAAGTGGTGAC-1,-4.6166005,3.635292
TGCGGCACAAAGACGC-1,-3.5605383,5.374672
TGCTCCACAATCTAGC-1,-0.94055206,2.38031
TGCTCGTAGACGAGCT-1,-1.7673583,3.5258858
TGCTCGTTCCCATTTA-1,-3.9968984,-1.0408523
TGCTGAACAGCACAAG-1,-2.4281344,1.8084668
TGCTTCGCATAGCTGT-1,2.0039835,-0.29351208
TGCTTGCGTGAACTAA-1,-2.6786666,2.8177967
TGGAACTAGCGTCTCG-1,0.6548289,-1.7863492
TGGAGAGCAGTCAGTT-1,2.2116168,-3.3247244
TGGAGGAAGTAGGAAG-1,2.1966329,-1.106661
TGGATCAGTTCTCCCA-1,1.995117,-3.0242138
TGGATGTTCACGGGAA-1,-5.0731,4.2661343
TGGCGTGGTGGATTTC-1,-1.990158,5.6543255
TGGGAAGTCGATTGGT-1,-2.9955208,4.7778916
TGGGAGAAGCAAGTGC-1,-3.9347773,-1.2176707
TGGGAGAAGTGGTGGT-1,0.5108047,-1.5639127
TGGGATTAGTCACGAG-1,-2.147022,5.9725227
TGGGATTGTACGATGG-1,3.266398,-1.9494308
TGGGCGTAGTGGAATT-1,-3.394276,-0.6208989
TGGGCTGAGAGGGTCT-1,-4.3815475,3.49061
TGGGCTGAGCGTTAGG-1,-0.24880211,-0.23078857
TGGGCTGCATCCGATA-1,-1.9854693,3.8804073
TGGGCTGGTCGCGGTT-1,-3.1531777,5.6771193
TGGGTTAGTATTGAGA-1,2.662408,-2.0577965
TGGGTTATCAGTAGGG-1,1.0852393,-1.8750676
TGGTACACAAAGGGTC-1,-1.8644929,2.8690743
TGGTAGTCAGGCATGA-1,-2.250155,5.5612926
TGGTAGTCATCACAGT-1,-4.408988,0.7920858
TGGTAGTTCCCTCATG-1,2.9222531,-1.2041371
TGTACAGAGACTCGAG-1,0.7493943,-1.0029095
TGTACAGAGTGAGTTA-1,1.5088909,-0.9990588
TGTACAGGTGGATTTC-1,-5.183262,2.4706717
TGTAGACTCCATTTAC-1,3.0023458,-1.66806
TGTCAGACACTCACTC-1,-4.191185,2.046864
TGTCCACCAACTGGTT-1,-2.3801634,2.7926755
TGTCCACTCGCTTACC-1,-2.202483,2.5981274
TGTCCCAAGCTCCATA-1,-3.5156817,2.6893682
TGTCCCAAGGTCATAA-1,-4.506986,-0.93985283
TGTCCCACATACTTTC-1,-1.8907039,1.1019924
TGTCCCAGTCAGGCAA-1,1.857405,-1.5069916
TGTCCCAGTCGGTGTC-1,1.0327152,-2.6303048
TGTCCTGGTACTTGTG-1,-4.2161746,3.6684227
TGTCCTGGTTGGCTAT-1,-4.8495116,-0.08866196
TGTGATGAGCGACTGA-1,-3.0450892,3.9465692
TGTGATGCATTCTCTA-1,-2.827476,1.4935367
TGTGCGGGTCGTCGGT-1,-4.1031623,1.283109
TGTGCGGTCACATACG-1,2.7489858,-1.9892917
TGTGGCGTCGTACCTC-1,-0.54666823,0.119587146
TGTGTGATCTGACAGT-1,-1.239445,1.6469163
TGTTCATAGCTGCCTG-1,-0.39892113,0.84245795
TGTTCATGTCCTGGGT-1,3.7360113,-1.2807232
TGTTCCGCAAGTATAG-1,-5.4205394,3.0719042
TGTTGAGCACAACGAG-1,2.406531,-0.830036
TGTTGAGTCTCGACCT-1,-2.416001,0.3704009
TGTTTGTGTGGAAATT-1,2.4387617,-1.6092436
TTAATCCAGCTACTAC-1,1.9545083,-2.1030748
TTACAGGGTGATTCTG-1,-1.7820419,4.9675946
TTACCGCGTCCGAAAG-1,1.7137014,-2.4483628
TTACGCCCACGTCGTG-1,1.2443892,-1.0848085
TTACGCCTCAATGCAC-1,-3.4740276,2.0536282
TTACGTTGTTTACGAC-1,-3.2677257,5.866899
TTACGTTTCTCGCTTG-1,-2.821926,5.231874
TTACTGTCATACATCG-1,-4.4151587,-0.58464026
TTACTGTGTAAGAACT-1,0.33779734,0.21078448
TTACTGTGTTAAGGGC-1,-2.8947833,3.4082468
TTAGGGTGTCACATTG-1,-5.0547233,1.8120176
TTAGTCTCACGTATAC-1,-4.540111,3.033839
TTATTGCCAAACGGCA-1,-3.2268162,-0.66087407
TTATTGCGTACGTAGG-1,3.4332693,-1.3605222
TTATTGCGTCAACACT-1,-2.8716447,3.9387689
TTATTGCGTGTCTTCC-1,2.281604,-2.677764
TTCACCGCAGCCCAGT-1,-3.7214196,-0.15334189
TTCACGCGTTAAGTCC-1,-0.48167652,1.656341
TTCACGCTCTATCCAT-1,-3.5862086,3.6220994
TTCAGGAAGATTGGGC-1,-5.678708,2.9430237
TTCAGGAGTCTACAAC-1,-2.9096553,-0.41269046
TTCATGTAGGTCATAA-1,-2.2303624,3.4031174
TTCCACGGTCAACACT-1,-3.492015,1.5926648
TTCCGTGCACTCACTC-1,-3.1516063,3.282033
TTCCGTGGTTCCAGGC-1,-2.4990957,0.052174874
TTCCTCTGTACCTGTA-1,0.9523156,-1.071122
TTCCTTCAGGTAGTCG-1,-2.8957195,-1.0549692
TTCCTTCAGTAGTCAA-1,-1.7594631,3.031102
TTCCTTCGTGACACGA-1,1.9429499,-0.96610564
TTCGCTGAGGGTTAGC-1,-5.1285834,3.573314
TTCGCTGAGGTTCCGC-1,-0.6092059,1.8630826
TTCGCTGCACTAGTAC-1,-5.0573635,3.2408144
TTCGCTGTCGGACTGC-1,-4.1271734,3.0365539
TTCTCTCGTATCGTAC-1,-1.6021696,2.2050085
TTCTTGAGTCTTGCTC-1,0.98255354,-1.9197453
TTGACCCGTCTCGGGT-1,-1.9491462,3.2543464
TTGACCCTCGTAGTGT-1,-2.9733722,2.1862304
TTGATGGCATAAGATG-1,-3.6474729,2.5755973
TTGCATTGTGCCTTCT-1,-1.413036,0.75828224
TTGCCTGAGAGTGACC-1,0.7781483,-2.3510895
TTGCCTGAGTGGAAAG-1,1.7494779,-0.974413
TTGCCTGGTAGCTGCC-1,1.0238209,-1.2799901
TTGCTGCCATTGCCGG-1,2.641795,-2.7812767
TTGGGATCAACGGGTA-1,-2.463286,5.6566095
TTGGGATTCAGGAAGC-1,2.9466424,-3.1631172
TTGGGATTCTCTCTAA-1,2.851107,-0.49519444
TTGGGCGCACGGTGAA-1,-3.1151257,0.7618163
TTGGGCGGTCGGAAAC-1,-4.132614,2.6766353
TTGGGTAGTGCTAGCC-1,0.9568775,-0.876776
TTGGGTATCACCGACG-1,2.1531305,-2.353197
TTGGTTTCACTGGATT-1,-2.5378804,6.134554
TTGTGGATCTAAGAAG-1,-4.9755898,3.2845426
TTGTGTTGTGTGTCCG-1,-1.9204636,0.7754653
TTGTTCACACTTGTGA-1,-0.13476501,0.827488
TTGTTCACAGTCGCTG-1,1.0674387,-3.0185637
TTGTTCATCTTTACAC-1,0.7024491,-0.95709896
TTGTTTGAGGTCGACA-1,-4.0252705,2.9905925
TTGTTTGTCCAACCGG-1,-2.662325,2.3058748
TTTACTGTCACGGGAA-1,-3.0373871,-0.09900858
TTTATGCGTAACATAG-1,-3.023133,5.7507873
TTTATGCGTTGATCGT-1,-2.9276993,-0.9082142
TTTCACATCTCAGGCG-1,-3.719321,-1.2362745
TTTCATGGTGCCTAAT-1,-1.3059465,1.7415856
TTTCATGTCACTCACC-1,3.0777009,-1.744354
TTTCCTCCACAGAGCA-1,-1.4776254,0.48001292
TTTCCTCTCCTACACC-1,-4.1615705,3.0097885
TTTCCTCTCTCTTGCG-1,2.8790886,-1.7124293
TTTGATCTCTTTGGAG-1,-3.1138265,4.5876718
TTTGGTTAGTAACCTC-1,-4.7627554,4.060362
TTTGGTTGTAGAATAC-1,1.3463045,-1.6777823
