Barcode,Cluster
AAACCCAAGGAGAGTA-1,1
AAACGCTTCAGCCCAG-1,5
AAAGAACAGACGACTG-1,3
AAAGAACCAATGGCAG-1,3
AAAGAACGTCTGCAAT-1,3
AAAGGATAGTAGACAT-1,5
AAAGGATCACCGGCTA-1,5
AAAGGATTCAGCTTGA-1,1
AAAGGATTCCGTTTCG-1,1
AAAGGGCTCATGCCCT-1,3
AAAGGGCTCCGTAGGC-1,4
AAAGGTACAACTGCTA-1,1
AAAGTCCAGCGGGTTA-1,6
AAAGTCCCACCAGCCA-1,5
AAAGTGATCGTACACA-1,2
AAATGGAAGCCGCTTG-1,1
AAATGGACAATGCTCA-1,1
AAATGGAGTACCGCGT-1,2
AAATGGATCCTATTTG-1,3
AACAAAGGTGATGAAT-1,3
AACAACCAGTAGTCCT-1,1
AACAACCCACGCTATA-1,4
AACAAGAGTTATAGAG-1,1
AACAGGGGTGGGAGAG-1,5
AACCCAACAACTGATC-1,2
AACCCAAGTGGGCTTC-1,3
AACCCAATCTTACCGC-1,2
AACCTGACATCCTATT-1,1
AACCTTTGTTTCGGCG-1,2
AACGAAAAGGTTGGTG-1,2
AACGAAACAGCGTTTA-1,1
AACGAAATCCATTTAC-1,2
AACGGGAGTCGCTCGA-1,1
AACGTCAAGACGCCCT-1,1
AAGAACAAGACCATTC-1,4
AAGAACAAGCCTCAGC-1,1
AAGAACATCTTGCAAG-1,2
AAGACAACACTTCAGA-1,1
AAGACAACAGATCACT-1,1
AAGACAATCCGCGAGT-1,4
AAGCATCAGGTCCGAA-1,3
AAGCATCCAGTCTTCC-1,1
AAGCGTTCACTGATTG-1,1
AAGCGTTTCGCTATTT-1,5
AAGGTAAAGGAAGTAG-1,2
AAGGTAAAGGCCACCT-1,4
AAGGTAAGTCCTTAAG-1,3
AAGTACCAGCGCCTTG-1,3
AAGTACCAGCTCCATA-1,4
AAGTACCCAAAGAACT-1,3
AAGTGAACATCAGCAT-1,2
AAGTGAATCGGAAGGT-1,1
AAGTTCGAGGATACAT-1,3
AAGTTCGGTCAACACT-1,1
AATCGACGTGAGACGT-1,1
AATGAAGCAGTATGAA-1,2
AATGACCGTGTCATCA-1,1
AATGGAACACTCATAG-1,2
AATGGAATCTGATGGT-1,1
AATTCCTTCCATTGGA-1,1
ACAAAGAAGCCTCAAT-1,1
ACAAAGAGTTCCATTT-1,2
ACAACCATCTATCCAT-1,4
ACAACCATCTGCCCTA-1,2
ACAAGCTGTAGGTCAG-1,4
ACACCAAAGAGTCAGC-1,4
ACACGCGGTGTTGCCG-1,1
ACACGCGTCACCTCGT-1,2
ACACGCGTCGCCGTGA-1,1
ACACTGATCACTGATG-1,1
ACACTGATCTTTCCGG-1,2
ACAGAAAAGTATTAGG-1,1
ACAGAAACACCAGCGT-1,1
ACAGCCGTCGCTGTTC-1,6
ACATCCCCACAAATGA-1,4
ACATCCCGTAAGATTG-1,1
ACATCGATCTAAGAAG-1,2
ACATCGATCTGAGAGG-1,2
ACATCGATCTTGGGCG-1,1
ACATGCAGTTGCTTGA-1,1
ACATTTCGTGCCGAAA-1,2
ACATTTCGTTTCTTAC-1,3
ACCACAAAGGCCTTGC-1,1
ACCACAAGTCTGTGGC-1,4
ACCATTTCATTGGGAG-1,3
ACCCAAAGTTGGGAAC-1,2
ACCCTTGGTATCGTAC-1,7
ACCCTTGTCATTTCGT-1,2
ACCTACCCAACGGTAG-1,2
ACCTGAACATGAGAAT-1,3
ACCTGTCTCAAGTCTG-1,3
ACCTGTCTCTCAACGA-1,1
ACGATCAGTCGTTCAA-1,6
ACGATCATCCACGGAC-1,3
ACGATCATCCGTTGGG-1,4
ACGCACGAGAGAGTGA-1,6
ACGGTCGTCACTACGA-1,2
ACGGTTAAGTGCTCAT-1,5
ACGTAACTCATATGGC-1,5
ACGTAACTCTTCGATT-1,1
ACGTACAAGCTGTTCA-1,4
ACGTACACAAAGCTCT-1,1
ACGTACACAGACGATG-1,2
ACGTAGTCACGCCACA-1,3
ACGTAGTCATTAGGAA-1,2
ACGTTCCGTGGGTCAA-1,1
ACTATCTGTGTGTACT-1,2
ACTATGGAGAAATCCA-1,8
ACTCCCAAGGTTGGTG-1,2
ACTCCCATCGTCCTCA-1,3
ACTGATGAGCAGCGAT-1,5
ACTGATGCACCAGCCA-1,5
ACTGTGACAACTCGAT-1,2
ACTTATCTCTAAGGAA-1,1
ACTTCGCAGAACCGCA-1,2
ACTTCGCGTACTCCGG-1,5
ACTTTCAAGTATGACA-1,3
ACTTTCAGTACGCGTC-1,3
AGAAATGTCATTCGTT-1,5
AGAAGCGGTCTAGATC-1,2
AGAAGCGTCTGCGTCT-1,3
AGACAAAGTAGCTTGT-1,1
AGACCATCATTACTCT-1,3
AGACTCATCAACGCTA-1,3
AGACTCATCAGAGCGA-1,1
AGAGAATAGAGGGTCT-1,6
AGAGAATCACCCAACG-1,6
AGAGAGCAGTTGTCGT-1,2
AGAGCAGGTCATAAAG-1,1
AGAGCAGGTTGAGTCT-1,2
AGAGCAGTCGCGCTGA-1,3
AGAGCCCGTCACTCGG-1,4
AGATAGAGTGACACGA-1,1
AGATCGTCAGGACTTT-1,2
AGATGAACAGGCACAA-1,4
AGATGCTGTACGGTTT-1,2
AGATGCTGTGTGGTCC-1,4
AGCATCAGTCGGTGTC-1,1
AGCATCAGTGGTCCGT-1,2
AGCCAATAGTCCCTAA-1,4
AGCCACGCAGGTTCGC-1,2
AGCCACGGTTCCGCGA-1,1
AGCCACGTCCGAGAAG-1,2
AGCCAGCGTAATGCGG-1,2
AGCCAGCGTAGTTAGA-1,3
AGCGTATTCAGTGGGA-1,4
AGCGTCGCATTGACCA-1,3
AGCTACACAGTCGGAA-1,2
AGCTACAGTCGTTTCC-1,2
AGGAAATTCACCATGA-1,1
AGGAATACAAACTCGT-1,6
AGGAATATCATTACGG-1,2
AGGACGAAGACCTTTG-1,2
AGGACGAAGATTAGTG-1,4
AGGACGATCACTGATG-1,3
AGGACGATCCAGTACA-1,4
AGGACTTTCCTACCAC-1,4
AGGATAAAGAACAAGG-1,3
AGGCCACAGGGCCAAT-1,3
AGGCTGCAGGGCTTCC-1,5
AGGCTGCGTGTGTGTT-1,6
AGGGAGTGTGTCGCTG-1,3
AGGGCTCCAATACGCT-1,1
AGGGTCCCAGGACATG-1,1
AGGGTCCCAGTAGTTC-1,2
AGGGTTTCAGCGTGCT-1,1
AGGTAGGAGGAAGTAG-1,6
AGGTAGGCAAAGCGTG-1,1
AGGTCATTCAAGTCGT-1,1
AGGTGTTCATTAAGCC-1,1
AGGTGTTGTCGATTAC-1,1
AGGTGTTTCAATGCAC-1,4
AGGTGTTTCGTTACCC-1,1
AGGTTACAGGTGCGAT-1,3
AGGTTACGTCTGATAC-1,1
AGTAACCCAAGCTCTA-1,1
AGTAACCTCGTTGTAG-1,2
AGTACCAGTGGGTCAA-1,1
AGTACCATCAGCTTGA-1,2
AGTAGCTAGGAGTACC-1,5
AGTAGCTCACTGCTTC-1,5
AGTAGCTCAGGCACTC-1,1
AGTAGCTGTTAGAAAC-1,1
AGTAGTCGTATGACAA-1,3
AGTCAACAGTCATGCT-1,1
AGTCAACGTACACGCC-1,3
AGTCTCCCAACCGTGC-1,4
AGTCTCCGTGAGTCAG-1,2
AGTGCCGCATCTGGGC-1,2
AGTTAGCAGTCAGGGT-1,3
AGTTAGCGTACCATAC-1,5
AGTTAGCGTTCATCGA-1,2
AGTTCCCCAAACAGGC-1,2
AGTTCCCGTTACACTG-1,4
AGTTCGAGTATGCGTT-1,5
ATACCGACACACGGTC-1,3
ATACTTCGTACGACTT-1,1
ATACTTCGTTCGGTAT-1,3
ATACTTCTCAGCTGAT-1,3
ATACTTCTCGCCGTGA-1,4
ATAGACCTCCGCTTAC-1,2
ATAGGCTGTGTTACAC-1,1
ATATCCTGTATGAGCG-1,6
ATCACAGAGACGTCCC-1,1
ATCACAGCATGACGTT-1,1
ATCACGATCCGCAACG-1,2
ATCACTTGTGGCTGCT-1,1
ATCCACCCAGCAGTGA-1,2
ATCCACCCATGTCTAG-1,2
ATCCACCGTTTGTTGG-1,1
ATCCATTAGACGCAGT-1,5
ATCCCTGCAATTTCTC-1,7
ATCCGTCCAACTCCCT-1,5
ATCCTATGTCTGTGCG-1,4
ATCGATGCAACGGCTC-1,5
ATCGATGGTCAATCTG-1,2
ATCGGATAGGAAAGGT-1,6
ATCGGCGAGTCCTACA-1,2
ATCGTAGCATCGGAGA-1,1
ATCGTCCAGCCTGAAG-1,1
ATCGTCCGTATGAGGC-1,1
ATCGTCCTCGGAGCAA-1,1
ATCGTGAAGCAGATAT-1,1
ATCTCTACAAGAAACT-1,1
ATCTCTAGTCGTGGTC-1,2
ATCTTCAAGAAGAGCA-1,1
ATCTTCACATACTGAC-1,1
ATCTTCAGTCTCTCCA-1,1
ATCTTCATCTCATAGG-1,2
ATGAAAGTCCTTATGT-1,2
ATGACCAAGGCTAACG-1,1
ATGACCACAATATCCG-1,4
ATGAGTCTCCAGTTCC-1,5
ATGATCGGTCGAACAG-1,5
ATGCGATGTGCTCTTC-1,3
ATGCGATGTTGTAGCT-1,4
ATGGATCGTAGATTGA-1,4
ATGGATCTCGACCTAA-1,4
ATGGGAGAGACGTCCC-1,2
ATGGGAGCACTCCGGA-1,1
ATGGGAGTCCACTGAA-1,1
ATGGTTGTCACGGAGA-1,1
ATGTCCCCAGGAATCG-1,2
ATGTCCCCATAGGTTC-1,3
ATGTCCCGTCCTACGG-1,1
ATTACTCCAGCTTTGA-1,4
ATTACTCGTTGCAACT-1,3
ATTCACTAGAAGGCTC-1,2
ATTCACTTCTCCGCAT-1,4
ATTCAGGCAAGTATCC-1,1
ATTCAGGCATAGCTGT-1,1
ATTCAGGTCTTCGTGC-1,4
ATTCCATCACGACTAT-1,2
ATTCCCGAGTCACTCA-1,4
ATTCCTACATGAGATA-1,1
ATTCGTTCAGTCTTCC-1,2
ATTCGTTGTAACACCT-1,4
ATTCGTTGTGTAGCAG-1,3
ATTCGTTGTGTTCAGT-1,2
ATTCGTTGTTCTTGTT-1,1
ATTCTACTCTCGTGAA-1,3
ATTCTTGAGTTCCAGT-1,2
ATTCTTGGTACAATAG-1,2
ATTTCACAGTGCAAAT-1,1
ATTTCACGTGGATACG-1,1
ATTTCTGCAAGGTCTT-1,1
ATTTCTGGTATCCTCC-1,3
ATTTCTGTCGATGCAT-1,1
ATTTCTGTCGGCCAAC-1,3
CAAAGAACACATATCG-1,2
CAAAGAACAGCTGTTA-1,2
CAAAGAAGTTCTCCCA-1,1
CAACAACTCGATACTG-1,2
CAACAGTCATCCGTTC-1,2
CAACAGTTCGAGCACC-1,6
CAACCAAGTTAGAAAC-1,1
CAACCTCGTATCGGTT-1,2
CAACGATAGACGGAAA-1,1
CAACGATAGCCTAGGA-1,1
CAACGATCAAAGCACG-1,4
CAACGATTCAAGCCCG-1,1
CAAGACTAGTGGAAAG-1,2
CAAGACTTCAATCGGT-1,1
CAAGAGGTCTTCACGC-1,1
CAAGCTAGTGGCTGCT-1,7
CAAGGGAAGAGTCGAC-1,4
CAATCGAAGAGGATCC-1,2
CAATCGATCCGTACGG-1,4
CAATGACTCAAGCCCG-1,7
CAATTTCAGATTGCGG-1,7
CACACAACAAGAAACT-1,4
CACACAACACGAGGAT-1,1
CACAGATCACTCCGAG-1,1
CACAGATCATCATGAC-1,1
CACAGATGTTCCGTTC-1,1
CACAGGCCAACGATCT-1,7
CACATGAGTTTCGACA-1,2
CACCAAAAGGACATCG-1,1
CACCGTTCACCCTAGG-1,3
CACGAATCACATAGCT-1,4
CACGAATTCAAGTCGT-1,2
CACGGGTAGCATTTGC-1,7
CACGGGTTCCCGATCT-1,4
CACGTTCCAGCTTCCT-1,1
CACGTTCTCTATCACT-1,4
CACTAAGGTGATAGTA-1,2
CACTGAAGTCTTTCTA-1,5
CACTGAATCCTGATAG-1,1
CACTGGGAGGCGACAT-1,1
CACTGGGAGTTACTCG-1,1
CACTGGGGTCGCACAC-1,1
CACTGTCCACATATGC-1,5
CACTTCGTCACCTACC-1,7
CAGAGCCGTGCCCGTA-1,2
CAGATACTCGTTCCCA-1,2
CAGATTGAGAACGTGC-1,2
CAGATTGAGCTGAGCA-1,7
CAGATTGGTGACTAAA-1,5
CAGCAATGTATCGTTG-1,1
CAGCAGCTCAGAGTTC-1,2
CAGCCAGGTGGGTTGA-1,1
CAGCGTGTCCATCACC-1,4
CAGGCCAGTTCAATCG-1,3
CAGGCCATCACTCACC-1,4
CAGGCCATCCACTAGA-1,1
CAGGGCTAGATTGGGC-1,4
CAGGGCTTCGACGAGA-1,4
CAGGTATGTCAGTCTA-1,3
CAGGTATGTGTAAATG-1,5
CAGTTAGTCGGCCCAA-1,4
CAGTTCCCAATCGTCA-1,2
CATAAGCGTAGCGCTC-1,4
CATAAGCTCCGTGTGG-1,1
CATACTTTCAACGAGG-1,4
CATCAAGAGCGCCGTT-1,2
CATCAAGGTATGGTTC-1,5
CATCAAGGTTGTCCCT-1,3
CATCCGTGTATCGCTA-1,2
CATCGGGTCGCTACAA-1,6
CATCGTCTCCGTTGAA-1,2
CATGAGTCACCATTCC-1,2
CATGCCTCAATTGCTG-1,4
CATGCCTCAGGCTATT-1,2
CATGCCTGTTCCGCAG-1,1
CATGCGGTCGGTCGAC-1,3
CATGCTCGTCTCTCAC-1,5
CATTCTAGTAGCTTGT-1,2
CATTCTATCAGTAGGG-1,1
CATTGAGAGGGACCAT-1,1
CATTTCATCTCTCTTC-1,1
CCAAGCGAGCTAATCC-1,6
CCAAGCGAGGTTCATC-1,1
CCAATGAAGGTCACTT-1,3
CCAATTTCAAAGGCTG-1,2
CCAATTTCATTCGATG-1,2
CCACACTCAGGACTTT-1,1
CCACCATAGGTCATCT-1,4
CCACGAGTCTTCCTAA-1,1
CCACGTTTCATCAGTG-1,5
CCACGTTTCGTGAGAG-1,2
CCACGTTTCTGCTGAA-1,4
CCACTTGCAGCTATTG-1,2
CCACTTGTCGCAGAGA-1,1
CCATAAGGTGAGGAAA-1,1
CCATCACCATTAAAGG-1,5
CCATCACTCTAACACG-1,1
CCCGGAATCAAACCCA-1,4
CCCTAACCAGGTTCGC-1,2
CCCTAACGTAACTGCT-1,1
CCCTTAGGTTTCCAAG-1,4
CCGAACGAGCTAAGTA-1,2
CCGAACGAGGAACGCT-1,1
CCGATCTGTGGAGGTT-1,1
CCGATGGGTTCTCGCT-1,1
CCGATGGTCACCTCTG-1,1
CCGATGGTCTGTCGCT-1,4
CCGCAAGCATTCAGGT-1,2
CCGCAAGGTACCAGAG-1,4
CCGGACAGTGATACCT-1,1
CCGGGTACACTCCGAG-1,1
CCGGTAGGTAGTACGG-1,2
CCGTAGGGTTCCCACT-1,2
CCGTAGGTCATACAGC-1,5
CCGTGAGAGAGGTCAC-1,2
CCGTGAGTCGCCTTTG-1,6
CCGTTCACAGAAGCTG-1,4
CCTAAGAAGACTCTAC-1,2
CCTATCGAGACAGCGT-1,1
CCTCAACTCTTAGCCC-1,2
CCTCAGTAGCAAGGAA-1,1
CCTCAGTCATGATGCT-1,6
CCTCAGTTCCGAGCTG-1,3
CCTCATGCACTATGTG-1,2
CCTCATGGTTTCGCTC-1,2
CCTCATGTCTCTCAAT-1,1
CCTCCAAAGGCCCGTT-1,1
CCTCCAACAACCCTCT-1,2
CCTCCAACACAATGAA-1,4
CCTCCTCAGTCCCGAC-1,5
CCTCCTCCATTCAGGT-1,3
CCTCCTCTCAAGCGTT-1,2
CCTCTAGCAGACCTAT-1,1
CCTCTCCTCGTTCCTG-1,1
CCTGCATAGTGGTGAC-1,1
CCTGCATCAACGGGTA-1,3
CCTGCATGTTCTTAGG-1,3
CCTGTTGGTGTGCCTG-1,1
CCTGTTGTCAAGAGTA-1,5
CCTTCAGAGGAACGTC-1,3
CCTTCAGCACAGAGCA-1,4
CGAAGGATCGACGCGT-1,4
CGAATTGGTCTGTTAG-1,3
CGAGAAGTCAAGTTGC-1,3
CGAGAAGTCCAATGCA-1,1
CGAGGAAAGTCGCGAA-1,3
CGAGGAACACTGATTG-1,5
CGAGGCTCAGATCACT-1,5
CGAGGCTCAGCATGCC-1,1
CGAGTGCGTTCCGCGA-1,2
CGAGTTAGTCGAGTTT-1,1
CGATCGGCAATTGGTC-1,1
CGATCGGCAGCGTGAA-1,4
CGATGCGAGCAGAAAG-1,4
CGATGCGTCGAACCAT-1,4
CGATGGCCACTCGATA-1,3
CGATGGCGTAGCGTCC-1,2
CGCAGGTGTGCTTCAA-1,5
CGCATAAAGTGATGGC-1,1
CGCGTGAGTACAATAG-1,4
CGGAACCGTATCACGT-1,1
CGGAACCGTTTGCAGT-1,3
CGGACACAGGACAGCT-1,1
CGGGACTGTTTCACTT-1,4
CGGGTGTTCCGTGACG-1,1
CGTAAGTGTGATAGTA-1,2
CGTAGTATCAGCCCAG-1,3
CGTCAAACAGAATGTA-1,2
CGTCCATGTTTGGAAA-1,6
CGTGAATAGTCGGCCT-1,4
CGTGCTTAGCTTTGTG-1,1
CGTGCTTCAAGCGCTC-1,1
CGTGCTTGTTTAGACC-1,3
CGTGTCTCACAGTACT-1,2
CGTGTCTCATGGGTTT-1,3
CGTGTCTGTCAGTTTG-1,1
CGTTAGATCAGCCTCT-1,1
CGTTAGATCATTATCC-1,1
CGTTAGATCCAAGAGG-1,1
CGTTCTGTCAGCGCAC-1,2
CGTTCTGTCCCGAACG-1,4
CTAACCCAGCCGCTTG-1,3
CTAACCCCACTTCAAG-1,4
CTAACTTAGCCTCACG-1,4
CTAAGTGCACAATGCT-1,5
CTAAGTGGTCCACTCT-1,2
CTACAGACAACAAAGT-1,4
CTACCTGTCTCGAACA-1,1
CTACGGGTCGTTCAGA-1,4
CTAGACAGTCGTGGTC-1,1
CTAGACAGTCTAACTG-1,1
CTAGGTATCTAACGCA-1,4
CTATCCGAGCTGTTAC-1,4
CTCAACCGTGGATGAC-1,4
CTCAACCGTGTGTCGC-1,6
CTCAAGAAGATTACCC-1,3
CTCAAGAGTCAAAGAT-1,2
CTCAATTTCGGAAGGT-1,1
CTCACTGCACCTTCCA-1,3
CTCAGAACAATTGTGC-1,6
CTCAGGGGTCATCGCG-1,1
CTCAGGGTCTCACCCA-1,1
CTCAGTCAGGGACAGG-1,2
CTCATCGAGAGGCGTT-1,4
CTCATCGTCGTACCTC-1,6
CTCATTAAGGAAGTGA-1,1
CTCATTATCGTACACA-1,3
CTCCAACCAATCTCTT-1,2
CTCCAACGTAGTGTGG-1,2
CTCCATGAGACAGCTG-1,5
CTCCATGGTGTTGACT-1,1
CTCCATGTCATCGTAG-1,3
CTCCATGTCGTCGATA-1,1
CTCCCAATCAATCAGC-1,2
CTCCCTCAGCGCGTTC-1,1
CTCCCTCCACCGGAAA-1,1
CTCCCTCGTTTACGAC-1,2
CTCCCTCTCATCGCTC-1,2
CTCCGATTCCTTTAGT-1,2
CTCCGATTCTTTCTAG-1,6
CTCCTCCTCACCTCTG-1,3
CTCCTTTAGATGCTGG-1,1
CTCCTTTTCTACACTT-1,2
CTCGAGGAGCCTATTG-1,4
CTCGAGGAGGAAAGGT-1,3
CTCTCAGGTTAAGCAA-1,4
CTCTCGATCCATAGGT-1,5
CTCTGGTAGTAGGATT-1,1
CTGAATGAGCTCTATG-1,1
CTGAATGAGGCGAACT-1,3
CTGAGGCGTTCAGCGC-1,5
CTGATCCGTCGCGTCA-1,4
CTGATCCTCCCTCTAG-1,3
CTGATCCTCTCTCCGA-1,2
CTGCAGGAGCCATTGT-1,4
CTGCATCGTAAGCTCT-1,4
CTGCCATTCAGTGTTG-1,2
CTGCCATTCGGAACTT-1,1
CTGCCTACAAGACTGG-1,1
CTGCCTATCTTGATTC-1,5
CTGCGAGAGATTAGAC-1,1
CTGCGAGAGTGCACTT-1,1
CTGCGAGCAGATTCGT-1,5
CTGCGAGGTAGGTTTC-1,2
CTGCTCACAGCGTTTA-1,1
CTGGACGCAACGATTC-1,2
CTGGACGCACACGGTC-1,1
CTGGACGGTTCCCAAA-1,3
CTGGACGTCTCATTTG-1,1
CTGGCAGGTTGCAAGG-1,1
CTGGCAGTCGTCTCAC-1,2
CTGTCGTAGCTGGCCT-1,3
CTGTGAAAGGAACGCT-1,1
CTGTGAATCATCGCTC-1,1
CTGTGGGGTCGTGATT-1,3
CTTCAATGTTGGACTT-1,3
CTTCGGTCACGTTCGG-1,4
CTTCGGTTCCAAGAGG-1,5
CTTCTCTTCCTACAAG-1,4
CTTGAGAAGAATTGCA-1,7
CTTGATTAGGTAGGCT-1,2
GAACACTGTTGGACTT-1,6
GAACGTTGTCAGGAGT-1,1
GAACTGTCATCGAACT-1,4
GAACTGTTCTCAAAGC-1,3
GAAGAATAGGTACAAT-1,1
GAAGCCCCAGGAACCA-1,1
GAAGCGATCAGTAGGG-1,2
GAAGGACGTCTGCCTT-1,1
GAAGGGTTCGCAGATT-1,2
GAAGTAAGTCTAGATC-1,4
GAATCACCAGTGGTGA-1,2
GACACGCCAGTCCGTG-1,5
GACACGCGTTCCAAAC-1,5
GACAGCCGTATCGTGT-1,2
GACCCTTCAGCGTATT-1,1
GACCCTTCATCATCTT-1,6
GACCTTCCACCTGCGA-1,1
GACCTTCGTCGAGCTC-1,4
GACTATGCATCATTGG-1,1
GACTATGTCCAAGGGA-1,2
GACTCAATCTCCCAAC-1,1
GACTGATTCATCCTAT-1,4
GACTTCCTCCTCTAGC-1,4
GAGAAATCATTGGATC-1,4
GAGACCCAGTAGGATT-1,1
GAGACTTAGTCACTCA-1,2
GAGACTTCAGGCTATT-1,1
GAGAGGTTCATAGACC-1,3
GAGATGGCATGTAACC-1,3
GAGCCTGAGGCAGCTA-1,1
GAGCCTGCAGTCTCTC-1,2
GAGCCTGGTCCACGCA-1,2
GAGCTGCGTCGGATTT-1,1
GAGGCAAAGTCACGAG-1,2
GAGGGATCACTTGGCG-1,4
GAGGGTACAGTTTCAG-1,3
GAGGGTAGTCAACACT-1,4
GAGGGTATCTGTCCCA-1,2
GAGTCATAGGGTTGCA-1,5
GAGTGAGGTCGGCTAC-1,6
GAGTGTTCACAAGCTT-1,5
GAGTGTTGTACGTAGG-1,2
GAGTTACAGACGACGT-1,2
GAGTTGTAGCGTTACT-1,1
GAGTTGTAGTGCGTCC-1,1
GAGTTGTCACGGTGCT-1,2
GATAGCTGTCGGAAAC-1,1
GATAGCTGTCTGTTAG-1,2
GATAGCTTCGTGCAGC-1,4
GATCACACACCCTGTT-1,4
GATCAGTAGGAACATT-1,5
GATCAGTAGTGCGCTC-1,2
GATCAGTGTTACAGCT-1,1
GATCATGAGGCCTAAG-1,3
GATCCCTAGAGGATGA-1,6
GATCCCTGTAATTAGG-1,2
GATCGTACAGCGCGTT-1,4
GATCGTATCTCTGGTC-1,2
GATGACTTCGTGGCGT-1,6
GATGACTTCTCTAGGA-1,5
GATGAGGCAAATGCGG-1,3
GATGATCGTATGGAAT-1,3
GATGATCGTGTAACGG-1,5
GATGCTAGTACAGGTG-1,3
GATGCTATCCTACGAA-1,3
GATGGAGAGCCAGACA-1,4
GATGGAGCACTTGAAC-1,3
GATGGAGTCTGCGGCA-1,4
GATGGAGTCTTCCAGC-1,1
GATTCTTGTACAGTCT-1,2
GATTGGTGTTGAGAGC-1,2
GATTTCTCAAGTGGGT-1,2
GATTTCTTCCTTCAGC-1,5
GCAACCGTCATTTCCA-1,2
GCAACCGTCGAACGGA-1,5
GCACGGTAGTAGTCTC-1,2
GCACGGTCACCCAACG-1,5
GCACGTGTCAGACATC-1,2
GCAGCCAAGAGGTCAC-1,5
GCAGCCACATACATCG-1,5
GCAGCCAGTTGCGTAT-1,3
GCAGCCATCACCGGGT-1,3
GCAGCTGGTAAGTTAG-1,1
GCAGCTGGTGGGTCAA-1,5
GCAGCTGTCAAAGCCT-1,3
GCAGCTGTCCTTCTGG-1,2
GCAGTTACACATTCTT-1,1
GCAGTTATCTCTCTTC-1,1
GCATCGGGTAACGATA-1,1
GCCAACGTCTAACGCA-1,2
GCCAACGTCTGCATAG-1,1
GCCAGGTGTTAGAAAC-1,2
GCCAGTGAGTCCTACA-1,4
GCCGATGAGTAACCTC-1,2
GCCGATGCATCTTTCA-1,5
GCCGTGACAACGACTT-1,1
GCCGTGACATGCCGGT-1,3
GCCGTGAGTCAGTCCG-1,2
GCCTGTTCACAGTCAT-1,1
GCGAGAAAGTTGTAGA-1,1
GCGAGAATCCTCAGAA-1,2
GCGGAAAGTGTGTCCG-1,2
GCGGATCAGCAACTTC-1,1
GCTACAAGTCAGCTTA-1,4
GCTACCTCACGCACCA-1,1
GCTACCTGTCCTACAA-1,1
GCTGAATAGCACTCTA-1,3
GCTGAATCACACGGAA-1,1
GCTGAATTCGTTAGTG-1,1
GCTGCAGAGGGCAGAG-1,5
GCTGCAGGTGCTGATT-1,4
GCTGCAGGTTGACGGA-1,1
GCTGGGTAGTACAACA-1,4
GCTTCACCAACACGAG-1,1
GCTTGGGAGAAGGTAG-1,1
GCTTTCGAGTGCAAAT-1,1
GCTTTCGGTTCGGGTC-1,2
GCTTTCGTCCGGTAGC-1,3
GCTTTCGTCTGGGTCG-1,1
GGAACCCAGCCATTTG-1,1
GGAACCCTCTAATTCC-1,3
GGAAGTGCAACCCTCT-1,2
GGAATCTCAAACTGCT-1,2
GGAATCTTCAATCTCT-1,3
GGAATGGAGGACTAAT-1,1
GGAATGGCACGACGCT-1,4
GGACGTCGTTCAACGT-1,1
GGAGAACGTGCCCACA-1,1
GGAGGATGTATGAAAC-1,1
GGAGGTAAGGCGTTGA-1,1
GGAGGTATCTGGTGCG-1,1
GGATCTAGTGCCTGCA-1,2
GGATCTATCACCTACC-1,3
GGATCTATCATAAGGA-1,4
GGATGTTAGCCGGATA-1,4
GGCTGTGCAAAGCTAA-1,2
GGCTGTGCACGGTGAA-1,5
GGCTGTGGTCCACATA-1,1
GGCTTGGCACCGAATT-1,4
GGCTTGGGTAGATCGG-1,4
GGCTTGGTCTTCTTCC-1,1
GGGACAATCCGATCTC-1,1
GGGACCTGTTCTTGTT-1,4
GGGACTCCACATATCG-1,3
GGGACTCCACGGGCTT-1,1
GGGAGATCACGGGTAA-1,7
GGGAGATTCACGGACC-1,4
GGGAGTAAGCAGGCAT-1,1
GGGAGTATCACCTCGT-1,1
GGGAGTATCTTAGCCC-1,1
GGGATCCAGGGCAATC-1,2
GGGATGAAGGGAGGGT-1,3
GGGATGAAGTCCCGAC-1,4
GGGCCATTCAGACCGC-1,1
GGGCTACAGACCAAAT-1,2
GGGCTACAGGCAGTCA-1,3
GGGCTCATCGCAATTG-1,4
GGGTAGAAGTAGGGTC-1,6
GGGTCACCAGGAGGTT-1,4
GGGTCACGTCCTTAAG-1,1
GGGTCACTCACAAGGG-1,1
GGGTCTGGTTTGAAAG-1,4
GGGTCTGTCCCGTTCA-1,1
GGGTGAACATAAGCAA-1,2
GGGTTATCAGCCATTA-1,2
GGGTTTACACAGAGCA-1,1
GGGTTTACACTAAACC-1,4
GGTAATCCAAAGGAGA-1,3
GGTAATCCACAGCATT-1,1
GGTAATCCATACCACA-1,1
GGTAATCTCAAGTTGC-1,1
GGTAGAGAGACCAGCA-1,1
GGTCACGCAATGGCCC-1,3
GGTCACGGTCGTGATT-1,3
GGTCTGGTCAGACATC-1,2
GGTCTGGTCTCCCAAC-1,6
GGTGATTAGCTGTACT-1,3
GGTGATTCAGCTCGGT-1,1
GGTGGCTGTGCGCTCA-1,7
GGTGTCGCAACGATCT-1,1
GGTGTCGGTGTTATCG-1,3
GGTGTTAGTGGATTTC-1,4
GGTTCTCCAGGTTCCG-1,1
GGTTGTATCGAAGGAC-1,7
GTAACACAGAAAGCGA-1,4
GTAACACAGCTCCGAC-1,1
GTAACACGTAGATGTA-1,2
GTAACACGTGGCGTAA-1,1
GTAAGTCTCGATTGGT-1,3
GTAATCGCAGTTTCGA-1,3
GTAATCGGTTGCGAAG-1,2
GTAATGCCACCAGTAT-1,1
GTACAACAGATAGCTA-1,2
GTAGAAACATGGACAG-1,1
GTAGAAATCTGAGATC-1,1
GTAGAGGCAACTTCTT-1,3
GTAGATCCATCCCGTT-1,3
GTAGCTATCTCATGGA-1,1
GTAGGAGTCCGTCACT-1,2
GTAGGTTCAGAAGCGT-1,4
GTAGGTTGTGTTCGTA-1,2
GTAGTACCACCCTATC-1,1
GTAGTACTCTGTGTGA-1,2
GTATTTCAGAAGAGCA-1,2
GTCAAACCAAGCACCC-1,2
GTCACGGAGCGGGTTA-1,4
GTCACGGCACCGTACG-1,2
GTCACTCTCTTGAACG-1,2
GTCATGAAGTTTGGCT-1,1
GTCATGACATTGGATC-1,5
GTCATTTCAAGAGAGA-1,3
GTCATTTTCCTAGAGT-1,2
GTCCCATCATGCCGAC-1,3
GTCCTCAAGTCACGAG-1,5
GTCGAATAGGAGTATT-1,5
GTCGAATCAGAACCGA-1,1
GTCGAATGTCAAGCGA-1,1
GTCGCGAAGCAGCGAT-1,2
GTCGCGAGTTTACCTT-1,2
GTCTACCCAGGAAGTC-1,3
GTCTAGAGTATGTCAC-1,1
GTCTAGATCGAGAGAC-1,3
GTCTGTCAGATACGAT-1,2
GTCTGTCTCGAGCCTG-1,4
GTGAGCCGTGATCGTT-1,2
GTGAGCCTCTGGAAGG-1,1
GTGAGGAAGCATTGAA-1,2
GTGAGGACACAACATC-1,6
GTGAGGACACTTTAGG-1,2
GTGAGTTTCCAATGCA-1,3
GTGATGTAGACATCAA-1,2
GTGCGTGAGCTTCTAG-1,1
GTGCTGGCAGGCTACC-1,2
GTGCTGGTCAAACCTG-1,2
GTGCTTCAGACCATAA-1,1
GTGCTTCCACTCATAG-1,2
GTGCTTCGTCGCTTGG-1,1
GTGGAAGAGCCAAGTG-1,3
GTGGCGTAGAATAACC-1,2
GTGGCGTCAATCGAAA-1,2
GTGGGAAAGGTCGTAG-1,5
GTGGGAACATGAGTAA-1,4
GTGGTTAAGTAACCGG-1,2
GTGTAACTCTTGGTGA-1,3
GTGTCCTAGTCGGCCT-1,2
GTGTCCTCAGTTGTTG-1,3
GTGTCCTGTGGCCTCA-1,3
GTGTGATCACTACGGC-1,3
GTGTGATTCTTACGTT-1,2
GTGTGGCAGGTACTGG-1,1
GTGTGGCAGGTAGTCG-1,3
GTGTGGCTCACCACAA-1,3
GTGTTCCGTAGTTCCA-1,3
GTTACAGAGTGTAGTA-1,3
GTTACAGCAAATCAGA-1,1
GTTACGAGTATGAGAT-1,1
GTTAGTGAGAACGTGC-1,6
GTTAGTGCACCTCTAC-1,1
GTTATGGTCGTTCCTG-1,2
GTTCCGTAGTTGCCCG-1,1
GTTCCGTCACCCGTAG-1,2
GTTCTATCAAATGAGT-1,2
GTTCTATCACGTGTGC-1,1
GTTCTATTCTACACTT-1,3
GTTGAACAGGAACATT-1,2
GTTGAACGTACCCGCA-1,1
GTTGCGGAGCTGCCTG-1,3
GTTGCTCAGTTTCGAC-1,2
GTTGCTCTCATTTCCA-1,3
GTTGTAGCAGTTCTAG-1,7
GTTGTGATCTCGGTCT-1,3
GTTTGGAGTGTATACC-1,2
TAACGACCACATATGC-1,4
TAACGACGTGCCTACG-1,2
TAACTTCGTTGTGGAG-1,3
TAAGCACAGAAGCTGC-1,2
TAAGCACTCACCATAG-1,3
TAAGCCATCTGGCCTT-1,4
TAAGCGTTCGTTGCCT-1,3
TAAGCGTTCTGTCGTC-1,2
TAATTCCCACTCCGGA-1,2
TAATTCCGTATTGACC-1,1
TAATTCCGTCAGTCCG-1,2
TACAACGCAAAGGTTA-1,4
TACAACGCATAGATCC-1,2
TACACCCTCGACTCCT-1,4
TACAGGTTCCTTACCG-1,4
TACATTCGTGGCTTAT-1,3
TACCTCGCACCCAACG-1,3
TACCTGCAGTCTGCAT-1,4
TACCTGCTCCAAGCTA-1,5
TACGCTCTCTCGGTCT-1,1
TACGCTCTCTTAAGGC-1,3
TACGGGCTCAACGAGG-1,6
TACGGGCTCTACCACC-1,2
TACGTCCCAAGTGATA-1,1
TACGTCCCATGTGTCA-1,2
TACTTCATCATGCCGG-1,3
TAGACCAGTCTCGGGT-1,2
TAGACTGAGATTGTGA-1,3
TAGACTGGTCTTGAAC-1,1
TAGACTGTCGCCGAGT-1,1
TAGAGTCGTTGTGTAC-1,1
TAGATCGCAAATGGTA-1,1
TAGATCGCACACGCCA-1,3
TAGATCGTCACAACCA-1,1
TAGCACAAGTACTCGT-1,1
TAGGAGGCAAGACCTT-1,3
TAGGAGGGTTCCAGGC-1,5
TAGGGTTAGAGAGCGG-1,3
TAGGGTTAGGAACATT-1,2
TAGGTACGTGTCATCA-1,1
TAGGTACTCGAAGCAG-1,2
TAGTGCACACTCGATA-1,1
TAGTGCACAGAGGAAA-1,1
TATACCTGTTCTCGTC-1,2
TATACCTTCTGTCCGT-1,1
TATATCCCATGCGTGC-1,5
TATCGCCTCTCCCAAC-1,1
TATCTTGTCCATCTCG-1,4
TATGTTCAGTATGGAT-1,2
TATTGCTTCTCGAACA-1,3
TCAAGCATCCACTTTA-1,4
TCAATCTAGAGGTTTA-1,4
TCAATCTGTTTCCCAC-1,5
TCACAAGGTAGTGGCA-1,3
TCACAAGGTGGATACG-1,1
TCACACCCACCAGCCA-1,1
TCACACCGTCTCACGG-1,4
TCACACCGTTAAACCC-1,1
TCACACCTCTGGGAGA-1,2
TCACACCTCTTACCAT-1,4
TCACATTCAGAACTAA-1,1
TCACATTCATGCCATA-1,4
TCACGCTAGGACATCG-1,4
TCACGCTGTCTGCCTT-1,4
TCACGCTTCACTAGCA-1,3
TCACGCTTCGGACTGC-1,3
TCACGGGCAACCGACC-1,1
TCACTATGTTTAGACC-1,2
TCACTCGCAAAGCAAT-1,1
TCACTCGGTCAACCAT-1,4
TCACTCGTCGGTCATA-1,1
TCAGCAACAAATCAAG-1,1
TCAGCAAGTATGACAA-1,3
TCAGGGCTCATGCGGC-1,3
TCAGGTACAATCGCAT-1,5
TCAGGTAGTATGGTAA-1,3
TCAGTCCGTAAGATCA-1,1
TCAGTCCGTCTCTCAC-1,6
TCAGTTTAGGATATAC-1,1
TCATACTCAGGTACGA-1,2
TCATACTTCAGAGCAG-1,4
TCATATCCATGCTGCG-1,3
TCATCATAGCACACAG-1,1
TCATCATGTTGCACGC-1,1
TCATCCGTCCAACTGA-1,6
TCATGCCCAAAGCGTG-1,2
TCATGCCGTGTCTTAG-1,3
TCATGTTAGAGGCGGA-1,5
TCATGTTGTGTGTGTT-1,2
TCATTACGTGCATGAG-1,3
TCATTGTGTGAGCAGT-1,3
TCCATCGGTTTAGTCG-1,3
TCCCACACAGACCAAG-1,1
TCCCAGTAGACCGTTT-1,1
TCCCAGTTCGACATAC-1,1
TCCCATGTCGGCCCAA-1,2
TCCGATCTCAAACCTG-1,3
TCCTCCCAGTCTAACC-1,1
TCCTCGATCTCTCGAC-1,2
TCCTCTTAGAGTGAAG-1,1
TCCTCTTAGCCAAGGT-1,2
TCCTTCTCAACTCGTA-1,1
TCCTTTCTCGCTGTCT-1,3
TCGAAGTGTATCAGGG-1,2
TCGACCTCAAAGACTA-1,3
TCGACCTCAAGTAGTA-1,3
TCGACGGTCGAAGTGG-1,4
TCGATTTGTACGCTTA-1,3
TCGCAGGAGATTGACA-1,4
TCGCAGGGTAGGCTCC-1,3
TCGCAGGGTTCTAACG-1,2
TCGCTCACAAGATTGA-1,2
TCGCTTGAGAGACAAG-1,4
TCGCTTGAGCATTTGC-1,4
TCGGGACGTAACGGTG-1,1
TCGGGACTCTAGATCG-1,2
TCGGGCATCCGATTAG-1,3
TCGGGCATCTGAACGT-1,1
TCGGGTGCAGTCTGGC-1,1
TCGGTCTTCATTGCTT-1,3
TCGGTCTTCGACATAC-1,6
TCGTAGACAATGAAAC-1,1
TCGTGCTGTGATCATC-1,3
TCTAACTAGGTCCAGA-1,2
TCTACCGCAGTCGTTA-1,2
TCTACCGTCCACGGAC-1,3
TCTATACGTTATCCAG-1,1
TCTATCAGTATGCTAC-1,1
TCTATCAGTTGCCGAC-1,2
TCTCACGAGGCTCCCA-1,2
TCTCCGAAGTCAATCC-1,1
TCTCCGATCTCTCTTC-1,5
TCTCTGGCAAAGCAAT-1,1
TCTGCCAAGTTACGGG-1,6
TCTGCCAGTAACGCGA-1,1
TCTGCCAGTAGATGTA-1,1
TCTGGCTCATCCTGTC-1,2
TCTGTCGAGACTAGAT-1,1
TCTGTCGCACCAGCGT-1,2
TCTTAGTAGGCCTGCT-1,3
TCTTAGTCAACACGAG-1,1
TCTTAGTGTTGCCAAT-1,1
TCTTAGTTCAGAATAG-1,4
TCTTGCGAGATGAAGG-1,3
TCTTGCGCACTACTTT-1,5
TCTTGCGCAGAGGAAA-1,3
TCTTGCGGTCCAGCCA-1,2
TCTTTGAGTGGAGAAA-1,5
TGAACGTCAAATGAAC-1,2
TGAACGTGTAACTAAG-1,4
TGAACGTGTCCATAGT-1,1
TGAATGCGTGGACTAG-1,4
TGAATGCTCGACGAGA-1,1
TGAATGCTCGCCGTGA-1,1
TGACAGTTCGAGATGG-1,2
TGACCCTTCTCATTGT-1,1
TGACGCGGTGGCTTAT-1,1
TGACTCCAGTCTCCTC-1,2
TGACTCCCACCATAAC-1,1
TGAGACTAGGCTGAAC-1,3
TGAGCATTCCATTGCC-1,1
TGAGCATTCCTTCACG-1,6
TGAGCATTCGATACTG-1,3
TGAGCATTCTGTCTCG-1,1
TGAGCGCCACTATGTG-1,1
TGAGCGCCAGCATACT-1,1
TGAGCGCTCGTCTAAG-1,2
TGAGGAGTCCATCGTC-1,3
TGAGGGATCAAACGTC-1,3
TGAGGGATCATAAGGA-1,1
TGAGGTTCAAACTAGA-1,1
TGAGGTTCAGGACATG-1,1
TGAGGTTGTAGCTTTG-1,1
TGAGTCACAGAACGCA-1,1
TGAGTCAGTAACCCTA-1,4
TGAGTCAGTCACTCTC-1,1
TGATCAGAGGATTCAA-1,1
TGATGCACAGGGCTTC-1,3
TGATGGTAGACCCGCT-1,2
TGCACGGTCGAGTACT-1,3
TGCAGGCAGCGTTCAT-1,4
TGCAGGCCAGGAATAT-1,6
TGCAGTAAGTAGTCCT-1,6
TGCAGTATCCACATAG-1,1
TGCATCCCACCCAACG-1,5
TGCATGAAGCACCCAC-1,4
TGCGACGAGCGACAGT-1,2
TGCGATAAGAATCGCG-1,3
TGCGGCAAGTGGTGAC-1,3
TGCGGCACAAAGACGC-1,2
TGCTCCACAATCTAGC-1,2
TGCTCGTAGACGAGCT-1,2
TGCTCGTTCCCATTTA-1,5
TGCTGAACAGCACAAG-1,4
TGCTTCGCATAGCTGT-1,1
TGCTTGCGTGAACTAA-1,3
TGGAACTAGCGTCTCG-1,1
TGGAGAGCAGTCAGTT-1,1
TGGAGGAAGTAGGAAG-1,1
TGGATCAGTTCTCCCA-1,1
TGGATGTTCACGGGAA-1,2
TGGCGTGGTGGATTTC-1,2
TGGGAAGTCGATTGGT-1,2
TGGGAGAAGCAAGTGC-1,5
TGGGAGAAGTGGTGGT-1,1
TGGGATTAGTCACGAG-1,2
TGGGATTGTACGATGG-1,1
TGGGCGTAGTGGAATT-1,5
TGGGCTGAGAGGGTCT-1,3
TGGGCTGAGCGTTAGG-1,1
TGGGCTGCATCCGATA-1,2
TGGGCTGGTCGCGGTT-1,2
TGGGTTAGTATTGAGA-1,1
TGGGTTATCAGTAGGG-1,1
TGGTACACAAAGGGTC-1,2
TGGTAGTCAGGCATGA-1,2
TGGTAGTCATCACAGT-1,6
TGGTAGTTCCCTCATG-1,1
TGTACAGAGACTCGAG-1,1
TGTACAGAGTGAGTTA-1,1
TGTACAGGTGGATTTC-1,3
TGTAGACTCCATTTAC-1,1
TGTCAGACACTCACTC-1,4
TGTCCACCAACTGGTT-1,2
TGTCCACTCGCTTACC-1,4
TGTCCCAAGCTCCATA-1,3
TGTCCCAAGGTCATAA-1,5
TGTCCCACATACTTTC-1,6
TGTCCCAGTCAGGCAA-1,1
TGTCCCAGTCGGTGTC-1,1
TGTCCTGGTACTTGTG-1,3
TGTCCTGGTTGGCTAT-1,5
TGTGATGAGCGACTGA-1,6
TGTGATGCATTCTCTA-1,3
TGTGCGGGTCGTCGGT-1,3
TGTGCGGTCACATACG-1,1
TGTGGCGTCGTACCTC-1,2
TGTGTGATCTGACAGT-1,2
TGTTCATAGCTGCCTG-1,3
TGTTCATGTCCTGGGT-1,1
TGTTCCGCAAGTATAG-1,3
TGTTGAGCACAACGAG-1,1
TGTTGAGTCTCGACCT-1,4
TGTTTGTGTGGAAATT-1,1
TTAATCCAGCTACTAC-1,1
TTACAGGGTGATTCTG-1,2
TTACCGCGTCCGAAAG-1,1
TTACGCCCACGTCGTG-1,1
TTACGCCTCAATGCAC-1,4
TTACGTTGTTTACGAC-1,2
TTACGTTTCTCGCTTG-1,2
TTACTGTCATACATCG-1,5
TTACTGTGTAAGAACT-1,4
TTACTGTGTTAAGGGC-1,3
TTAGGGTGTCACATTG-1,2
TTAGTCTCACGTATAC-1,3
TTATTGCCAAACGGCA-1,5
TTATTGCGTACGTAGG-1,1
TTATTGCGTCAACACT-1,4
TTATTGCGTGTCTTCC-1,1
TTCACCGCAGCCCAGT-1,3
TTCACGCGTTAAGTCC-1,1
TTCACGCTCTATCCAT-1,1
TTCAGGAAGATTGGGC-1,3
TTCAGGAGTCTACAAC-1,5
TTCATGTAGGTCATAA-1,4
TTCCACGGTCAACACT-1,4
TTCCGTGCACTCACTC-1,3
TTCCGTGGTTCCAGGC-1,2
TTCCTCTGTACCTGTA-1,1
TTCCTTCAGGTAGTCG-1,3
TTCCTTCAGTAGTCAA-1,2
TTCCTTCGTGACACGA-1,1
TTCGCTGAGGGTTAGC-1,3
TTCGCTGAGGTTCCGC-1,4
TTCGCTGCACTAGTAC-1,3
TTCGCTGTCGGACTGC-1,3
TTCTCTCGTATCGTAC-1,2
TTCTTGAGTCTTGCTC-1,1
TTGACCCGTCTCGGGT-1,2
TTGACCCTCGTAGTGT-1,4
TTGATGGCATAAGATG-1,4
TTGCATTGTGCCTTCT-1,3
TTGCCTGAGAGTGACC-1,1
TTGCCTGAGTGGAAAG-1,1
TTGCCTGGTAGCTGCC-1,1
TTGCTGCCATTGCCGG-1,1
TTGGGATCAACGGGTA-1,2
TTGGGATTCAGGAAGC-1,1
TTGGGATTCTCTCTAA-1,1
TTGGGCGCACGGTGAA-1,2
TTGGGCGGTCGGAAAC-1,2
TTGGGTAGTGCTAGCC-1,1
TTGGGTATCACCGACG-1,1
TTGGTTTCACTGGATT-1,2
TTGTGGATCTAAGAAG-1,3
TTGTGTTGTGTGTCCG-1,6
TTGTTCACACTTGTGA-1,3
TTGTTCACAGTCGCTG-1,1
TTGTTCATCTTTACAC-1,1
TTGTTTGAGGTCGACA-1,4
TTGTTTGTCCAACCGG-1,1
TTTACTGTCACGGGAA-1,5
TTTATGCGTAACATAG-1,2
TTTATGCGTTGATCGT-1,5
TTTCACATCTCAGGCG-1,5
TTTCATGGTGCCTAAT-1,2
TTTCATGTCACTCACC-1,1
TTTCCTCCACAGAGCA-1,3
TTTCCTCTCCTACACC-1,4
TTTCCTCTCTCTTGCG-1,1
TTTGATCTCTTTGGAG-1,2
TTTGGTTAGTAACCTC-1,3
TTTGGTTGTAGAATAC-1,1
